hillspace,a,e,i,node,peri,M,P,f,mass,PlanetNum,mrRad_ChenKipping
10.06061,0.06852191,0.1199142,0.03134576,2.606164,3.216743,0.5946259,0.01793668,1.278232,9.813533e-06,0.0,1.534610150685399
10.06061,0.10971669999999999,0.09855817,0.03107896,-0.04123537,2.263488,4.805537,0.03634157,2.677658,1.393692e-05,4.0,2.017740790158599
10.06061,0.1881898,0.05948772,0.02597599,2.0570009999999996,2.629591,1.5329110000000001,0.08163649,3.1308439999999997,2.066036e-05,8.0,2.5642387209850317
10.06061,0.3226733,0.0253794,0.008200622,-2.498409,3.304018,0.15856510000000001,0.18328629999999999,5.604754,2.273361e-05,12.0,2.660133794674776
10.06061,0.48098149999999995,0.01250215,0.0067756069999999995,2.346607,6.012914,3.57277,0.3335597,1.521396,2.0524029999999997e-05,15.0,2.758989513073182
10.06061,0.6926745,0.01951503,0.01154654,0.8916892,5.021375,2.12878,0.5764596,2.5218439999999998,2.6825640000000002e-05,17.0,2.941444972802846
10.06061,0.904236,0.007132606999999999,0.02834239,-1.513041,4.9565,1.116426,0.8597937,3.9458379999999997,1.65855e-05,19.0,2.4562721104142957
10.14141,0.05948695,0.1244982,0.04397375,2.9298889999999997,1.778859,4.690871,0.014508799999999999,6.260044000000001,4.386189e-06,0.0,1.14714404948564
10.14141,0.0752554,0.1084657,0.05115224,2.922193,1.4790370000000002,1.1017059999999999,0.0206445,3.013731,5.176215e-06,2.0,1.184490237828208
10.14141,0.12115439999999998,0.01611176,0.02674256,2.224999,0.5135829000000001,2.687512,0.04216979,6.230436,2.370902e-05,4.0,2.980723418153671
10.14141,0.23928310000000003,0.06702028,0.03927334,2.06197,0.43368090000000004,0.03316026,0.1170462,3.741749,1.7324160000000003e-05,9.0,2.263163747809225
10.14141,0.36539040000000006,0.03879961,0.003926035,0.9780815,3.390536,1.8478869999999998,0.22086129999999998,3.719042,2.414866e-05,12.0,2.816266326416074
10.14141,0.5142309,0.05407934,0.02837648,-2.026111,4.6200220000000005,2.41525,0.36873390000000006,6.08394,1.214674e-05,17.0,1.7731178522903184
10.14141,0.6788826,0.01636414,0.02150825,0.47795659999999995,0.5187427,5.251739,0.559333,4.225942,2.458736e-05,16.0,2.6562699184630287
10.14141,0.8707355,0.03224513,0.03510117,-1.385399,3.0680669999999997,1.911931,0.8124594,0.24451620000000002,1.613669e-05,19.0,2.397432136968964
10.22222,0.06010941,0.09004175,0.02350687,2.500254,0.1725296,4.2486239999999995,0.01473704,1.754859,1.563707e-05,0.0,2.229799907570259
10.22222,0.10457650000000002,0.2683968,0.09336492,-2.239537,6.120205,0.08031501,0.03381713,2.739466,7.832749e-06,9.0,1.4252085649185533
10.22222,0.2032244,0.08472909,0.02806327,-2.071789,5.324189,4.86325,0.09161176,1.7786669999999998,4.282166e-05,7.0,3.8460879451887147
10.22222,0.5256916,0.03003577,0.0281167,-0.2603145,4.853362000000001,1.277436,0.3811286,2.9776029999999998,4.91295e-05,17.0,4.405428120003499
10.22222,1.106578,0.03093288,0.03356772,2.09745,0.4538724,5.167724,1.1639700000000002,2.64641,2.7969749999999998e-05,18.0,3.064511044851452
10.30303,0.06787941,0.09604781,0.08770213,-0.6175184,1.302439,6.054976,0.01768497,5.206764,1.2437460000000001e-05,0.0,1.893206129902301
10.30303,0.12603910000000002,0.14944749999999998,0.09250718,-0.5121817,1.291924,0.7832104,0.04474575,0.004739975,1.491497e-05,5.0,2.274545162899581
10.30303,0.2035217,0.11038479999999999,0.02026732,-2.114496,3.659155,6.268069000000001,0.09181323,4.504089,2.252154e-05,9.0,2.5093326869371957
10.30303,0.33405959999999996,0.0905692,0.1495734,1.587284,3.3260389999999997,0.01345548,0.193073,1.564123,1.578511e-05,13.0,1.976348500643132
10.30303,0.48474849999999997,0.03274915,0.04607226,0.6622788000000001,3.985331,2.852913,0.3374818,4.425243,2.668808e-05,17.0,2.866143726522368
10.30303,0.7054464,0.04387495,0.04427469999999999,-2.157388,2.508585,4.570198,0.592485,4.143747,2.031381e-05,15.0,2.567525976284057
10.30303,1.03215,0.05109861,0.06135364,-2.4291270000000003,5.895983,0.7197228,1.048543,3.4989760000000003,1.657135e-05,19.0,2.104917386120519
10.38384,0.05689602,0.10488910000000001,0.07399338,-0.8161145000000001,4.299741,5.216278,0.01357124,1.934034,1.5162979999999997e-05,0.0,2.171531533486686
10.38384,0.09834968,0.0068512469999999995,0.1433337,-0.9523749,2.5993060000000003,3.06467,0.03084281,1.4312989999999999,9.92198e-06,7.0,1.7149583933387054
10.38384,0.1846024,0.03056012,0.03174922,2.547884,1.086529,3.606555,0.07931314,6.253557,2.488125e-05,10.0,2.7077641791561415
10.38384,0.29761190000000004,0.06034780000000001,0.02307747,-2.875983,4.757308,4.600326,0.16235339999999998,2.765291,1.455933e-05,15.0,2.0398948605024696
10.38384,0.47408999999999996,0.03908978,0.03948725,1.7951580000000003,2.428681,3.789226,0.32641079999999995,5.8141370000000006,3.4301859999999995e-05,18.0,3.4607261340003177
10.38384,0.7447508,0.05190144,0.04867268,-0.6565287,2.828129,3.993629,0.6426838,1.9208150000000002,2.379931e-05,17.0,2.4810420387111707
10.38384,1.055655,0.0223136,0.03197325,2.941141,0.8128586999999999,3.036769,1.084557,5.535996,1.753887e-05,22.0,2.3043728334060476
10.46465,0.06358377,0.10566310000000001,0.11391389999999998,0.7103043000000001,0.6672085,6.214714,0.0160331,4.625609,9.274186e-06,0.0,1.6465390713243557
10.46465,0.10975019999999999,0.04213608,0.01726148,-2.512596,5.805765,5.637787,0.03635816,2.402718,1.7470639999999998e-05,4.0,2.2492410659735222
10.46465,0.1843683,0.07237771,0.06227438,-2.004437,3.235561,5.520041,0.07916288,4.162025,9.848279e-06,9.0,1.6877078888456571
10.46465,0.24075700000000003,0.05887398,0.06120215,0.4351225,1.7102540000000002,3.116818,0.1181293,1.0726950000000002,1.227999e-05,11.0,1.680991951924629
10.46465,0.371082,0.01607755,0.0235959,-1.3820459999999999,4.581627,0.355342,0.22604179999999996,3.429703,2.4930889999999998e-05,13.0,2.6153141649667244
10.46465,0.548786,0.007016496,0.01331723,2.975101,3.7858440000000004,5.00871,0.40652150000000004,4.517169,2.297529e-05,16.0,2.7220798098418877
10.46465,0.7380583000000001,0.02819961,0.03617818,1.3558459999999999,1.172717,5.9470339999999995,0.6340331,3.4035599999999997,1.417162e-05,18.0,2.1243077397471017
10.46465,0.8980556000000001,0.01538315,0.02030084,-2.662522,3.148593,5.72579,0.8509954,5.2128760000000005,1.646328e-05,19.0,2.2897950660781636
10.54545,0.07861207,0.24503320000000003,0.08602372,-1.1179780000000001,1.81391,4.326673,0.02204091,3.4506660000000005,1.979859e-05,0.0,2.5304784362411743
10.54545,0.19064879999999998,0.1804721,0.10467570000000001,-1.77115,1.528326,0.22205529999999998,0.08324156,0.6656550999999999,3.007353e-05,6.0,2.892322952048006
10.54545,0.3686969,0.06689339,0.02490003,1.281043,3.544621,3.145232,0.22386570000000003,4.471355,2.7106500000000002e-05,13.0,3.0418646070208055
10.54545,0.6720550000000001,0.09043058,0.03170254,1.378479,5.590543,0.6473718,0.5509116,6.236886,3.961884e-05,15.0,3.6503145738732474
10.54545,1.171704,0.1265011,0.02663687,2.197634,2.450996,0.8734843000000001,1.268232,2.640447,1.475213e-05,18.0,1.983683216514203
10.62626,0.05874468,0.08617442,0.014055000000000002,2.867865,1.4277959999999998,6.264688,0.01423806,2.120927,8.760652e-06,0.0,1.4761144287283074
10.62626,0.09727283,0.04826757,0.02746996,1.351391,1.400549,4.870684,0.03033769,2.198548,1.3320170000000001e-05,4.0,2.105682561214561
10.62626,0.1675607,0.06166179,0.02522407,-0.4616866,6.280997,5.978999,0.06858824,0.1809068,1.788511e-05,7.0,2.2904056646956654
10.62626,0.3055131,0.04774139,0.005134225,2.168342,3.218591,1.276913,0.16886110000000001,2.249192,2.9532509999999996e-05,12.0,3.003366552990235
10.62626,0.4333472,0.04703163,0.02821143,-1.8322189999999998,2.237858,2.3048740000000003,0.2852573,1.9865009999999999,1.004053e-05,16.0,1.6760044988886964
10.62626,0.7144231,0.005175453,0.002946701,2.303608,1.034167,0.4571187,0.6038197,3.399875,4.020803e-05,17.0,3.660391320225601
10.70707,0.07326187,0.12025710000000002,0.03624997,-0.7907065999999999,0.2902519,1.262029,0.01982956,1.9900400000000003,1.803507e-05,0.0,2.3344589595324337
10.70707,0.1460683,0.04285423,0.04795753,-3.08676,3.2409689999999998,1.1119809999999999,0.05582468,1.030037,1.727799e-05,7.0,2.509645249515191
10.70707,0.2146213,0.03050229,0.05173745,2.630227,5.552529,1.445162,0.09942575,5.801055,1.1924260000000001e-05,11.0,1.9883305806353735
10.70707,0.3501316,0.04384191,0.02468289,-0.160101,4.075061,4.340251,0.20717220000000003,0.463355,2.430212e-05,13.0,2.9597599207769862
10.70707,0.5492906999999999,0.05713191,0.02969265,-0.03043819,4.238331,1.789598,0.4070829,3.7931760000000003,2.249404e-05,16.0,2.585625835573631
10.70707,0.8243908000000001,0.02211973,0.01497836,2.957759,4.8969510000000005,1.7103849999999998,0.7484672,0.1451556,3.0121750000000003e-05,18.0,3.3393276286784084
10.78788,0.04801018,0.024555900000000002,8.798415999999999e-05,0.4821391,2.691795,3.3625,0.01051959,0.1980571,5.7881920000000005e-06,0.0,1.2108604297956522
10.78788,0.07789853,0.06189219,0.0001343062,-2.9894849999999997,1.649982,2.165651,0.02174154,3.4641230000000003,1.04652e-05,3.0,1.7374425727553373
10.78788,0.1303021,0.02194849,7.467438e-05,-0.04123218,4.439312999999999,5.62505,0.0470349,1.26867,1.5361729999999998e-05,7.0,2.0171164443227805
10.78788,0.19423479999999999,0.024937400000000002,6.637623e-05,2.778237,0.1158876,0.7009454,0.08560148,4.050217,1.05019e-05,11.0,1.658514442728588
10.78788,0.2841131,0.01873405,1.638055e-05,-0.4776469,3.8249800000000005,3.3670410000000004,0.15143399999999999,0.020464,2.1187480000000002e-05,13.0,2.4975462863008024
10.78788,0.45242669999999996,0.01244736,1.2338789999999999e-05,1.946693,5.770395,0.22203360000000003,0.3043017,5.047883000000001,1.938694e-05,16.0,2.496887399576636
10.78788,0.5841533,0.01362382,1.113105e-05,2.991486,3.007812,2.644012,0.4464468,2.933582,1.189942e-05,18.0,1.9991530515365543
10.78788,0.7043235999999999,0.0009232227,8.322695e-06,-0.8847975,2.8838619999999997,5.209144,0.5910644,3.209954,1.3772070000000001e-05,19.0,1.8953715423751971
10.78788,0.8606578000000001,0.03389546,7.510244e-06,-0.7429866999999999,2.9482470000000003,0.598326,0.7983968000000001,4.608658999999999,1.604497e-05,20.0,2.0217582643587493
10.868689999999999,0.06818581,0.2842047,0.35087229999999997,2.6682,2.2938509999999996,3.014928,0.0178047,3.884181,2.902137e-05,0.0,3.009866022670776
10.868689999999999,0.2246196,0.3331345,0.10844369999999999,2.045881,1.788529,4.10794,0.1064528,0.5646467,3.641521e-05,10.0,3.6753854930903502
10.868689999999999,0.5370187,0.19299879999999997,0.04189974,1.001495,5.580091,4.732972,0.39351220000000003,4.093143,3.586698e-05,15.0,3.3383714589608546
10.868689999999999,1.526176,0.05348589,0.2007504,-0.9770912,4.836888,2.253757,1.8853369999999998,4.570692,1.775021e-05,14.0,2.438825253602711
10.949489999999999,0.09836341,0.1671051,0.2120915,1.439274,3.403149,4.369288,0.03084903,5.624465,4.106767e-05,0.0,4.082445892340742
10.949489999999999,0.3519955,0.0962772,0.09129218,-2.298186,1.540367,0.4686025,0.20882779999999998,1.414218,3.810621e-05,9.0,3.663651801917863
10.949489999999999,0.6994913,0.09994580000000002,0.1161078,-0.654994,1.166541,0.2614397,0.5849880999999999,5.976864,3.035823e-05,17.0,3.1665051149782446
10.949489999999999,1.5351299999999999,0.11748,0.09888342,2.6691119999999997,3.700938,2.3525869999999998,1.901945,2.4299060000000003,1.206539e-05,16.0,1.6605050139923394
11.0303,0.06314353,0.36030559999999995,0.05793318,-1.220026,3.084078,5.562417,0.01586687,3.426509,9.236378e-06,0.0,1.5489458795005246
11.0303,0.1225431,0.1560706,0.04642346,2.807242,0.6256385999999999,5.2417050000000005,0.04289696,2.09488,2.260268e-05,4.0,2.6178221611944856
11.0303,0.2485051,0.10191889999999999,0.04657485,3.007531,5.366243,2.06237,0.1238769,6.248382,2.609525e-05,10.0,2.9045393526083756
11.0303,0.4203355,0.05549514,0.02297201,-0.633488,6.045945,1.3312030000000001,0.2725068,2.287906,1.9019279999999998e-05,14.0,2.3944352085194858
11.0303,0.6386432,0.06066429,0.01340863,0.8307810999999999,1.695743,2.2308689999999998,0.5103466,5.949433,2.529013e-05,16.0,2.7827371516923742
11.0303,0.9883815999999999,0.07160838,0.03166299,-0.22994699999999998,3.143163,6.183301,0.9825652,3.2532349999999997,1.5861870000000003e-05,18.0,2.2104903478820637
11.11111,0.07285957,0.04483811,0.0579206,-0.1440246,2.9307540000000003,5.9564580000000005,0.01966636,3.1673400000000003,2.7149559999999996e-05,0.0,2.953664230680304
11.11111,0.1814344,0.07312461,0.06395772,0.2109277,2.722271,3.9511849999999997,0.07728062,1.148342,1.4449720000000001e-05,9.0,2.1256382236386244
11.11111,0.28686500000000004,0.1707287,0.1169237,2.166157,1.4628709999999998,2.386577,0.1536394,4.700448000000001,2.131763e-05,13.0,2.4783980172832223
11.11111,0.5237452,0.03379721,0.006131185,2.31738,4.086762,2.21168,0.3790119,2.1481470000000003,3.684448e-05,17.0,3.672740128693672
11.11111,0.9412058000000001,0.07286874,0.04937723,-1.534715,3.64564,0.05947951,0.9130773999999999,4.10806,2.574002e-05,16.0,2.8553798447812797
11.19192,0.06322263,0.2374406,0.07793330000000001,-1.432741,0.2313091,4.441435,0.01589662,5.280302,1.87973e-05,0.0,2.5852778019150167
11.19192,0.1279076,0.24208400000000002,0.17573229999999998,1.211314,4.393918,4.952614,0.04574429,5.254346,1.660945e-05,8.0,2.168325963915313
11.19192,0.27712129999999996,0.07516908,0.06161434,1.8632,0.9062501000000001,1.8159619999999999,0.1458784,5.200435,2.886146e-05,12.0,2.9145113964397513
11.19192,0.4717472,0.01801279,0.03423874,-1.4401620000000002,4.323923000000001,2.923701,0.32399870000000003,0.04141124,3.081663e-05,15.0,3.1837528476958448
11.19192,0.7652718000000001,0.07140199,0.04409271,-2.956311,1.024197,1.460117,0.6694171,3.3596440000000003,1.631162e-05,20.0,2.2387137069337
11.19192,1.31837,0.25262110000000004,0.05686746,-1.0323,5.722595,1.724896,1.513675,3.250387,1.196622e-05,18.0,1.7525618752145644
11.272730000000001,0.06488047,0.06541090000000001,0.1585169,-1.740532,5.625674,4.562972,0.01652603,0.7653208,1.176222e-05,0.0,1.7581227627074338
11.272730000000001,0.1092931,0.06481989,0.07237538,2.834347,3.925842,1.09428,0.03613135,0.6975188,1.073351e-05,5.0,1.7110277870092578
11.272730000000001,0.1856455,0.02660581,0.04921753,1.5441129999999998,1.6337110000000001,1.522808,0.07998665,4.575319,1.975589e-05,7.0,2.2828948865530836
11.272730000000001,0.2938042,0.11082570000000001,0.05369728,-3.028645,5.856222,5.273156,0.1592481,2.5736470000000002,1.548415e-05,12.0,2.180151390531681
11.272730000000001,0.42524220000000007,0.07007013,0.05776843,-0.7024595,3.535682,4.5477360000000004,0.2772925,1.8510650000000002,1.770351e-05,13.0,2.2366352535556606
11.272730000000001,0.6324821999999999,0.03826374,0.04141054,0.8709351999999999,4.470577,0.46943320000000005,0.5029799,1.487166,2.510839e-05,16.0,2.806333914705231
11.272730000000001,0.898595,0.0523206,0.02249406,-2.567754,2.776694,2.912219,0.8517669,2.74519,1.581059e-05,18.0,2.2146455605024036
11.353539999999999,0.0576969,0.07039083,0.01145164,-2.269462,1.615122,4.386719,0.01385886,4.904351999999999,6.379833e-06,0.0,1.2612711661075622
11.353539999999999,0.07785085,0.02025576,0.02086604,0.5716201,4.88328,6.182597,0.02172163,0.7551578,5.341109e-06,3.0,1.192468199161015
11.353539999999999,0.1038844,0.03045785,0.01209393,2.6284389999999997,5.638065,4.575638,0.03348277,2.623116,6.5005269999999995e-06,5.0,1.30239722521063
11.353539999999999,0.1344432,0.01996316,0.009119184,-0.7032288000000001,6.030147,0.1091954,0.04929494,1.100819,8.012134e-06,7.0,1.3720212875954174
11.353539999999999,0.18073699999999998,0.02374541,0.02198054,2.840693,1.004638,2.552289,0.07683564,4.944114,1.001727e-05,9.0,1.542313674994931
11.353539999999999,0.2721862,0.009714147,0.01114413,-0.5685286999999999,5.791905,2.650098,0.1419995,3.699557,2.041884e-05,11.0,2.3543081205236227
11.353539999999999,0.3997205,0.0593856,0.01173385,2.264079,5.388979,5.773497,0.2527061,4.293193,1.011057e-05,15.0,1.6131794180755294
11.353539999999999,0.5289335000000001,0.04332056,0.0033820440000000003,0.6357965,0.4619178,1.570909,0.38466690000000003,0.5146632000000001,2.0489259999999998e-05,14.0,2.4553505525903585
11.353539999999999,0.7013347,0.03225046,0.001227194,-2.614953,5.338158999999999,5.300489,0.5873083,2.610637,1.362085e-05,17.0,1.9690738352088049
11.353539999999999,0.8557858,0.02137511,0.0028907729999999997,-1.67963,4.611875,4.2795559999999995,0.7916300999999999,1.389235,1.59752e-05,18.0,2.1340729830056073
11.434339999999999,0.06604833,0.07200784,0.02284704,-2.753616,3.2137990000000003,4.2264230000000005,0.01697421,3.687843,1.42521e-05,0.0,1.939186541938052
11.434339999999999,0.1284972,0.061548,0.01700513,0.8484440999999999,3.693897,4.276547,0.04606108,5.982480000000001,1.549943e-05,6.0,2.122997270819927
11.434339999999999,0.2216072,0.03115627,0.003981042,2.4259459999999997,0.06694731,1.056978,0.1043195,4.785238,1.726146e-05,10.0,2.2054376302822476
11.434339999999999,0.38214929999999997,0.01585419,0.007158369,-0.9655968,2.6519630000000003,4.812271,0.236229,3.126393,2.871146e-05,13.0,3.042598608811582
11.434339999999999,0.5909981,0.02814768,0.003896695,0.21657800000000002,6.205623999999999,3.3845449999999997,0.4543161,3.2398860000000003,2.079205e-05,15.0,2.6698133798114547
11.434339999999999,0.8414248,0.01510541,0.01350197,2.991993,2.404473,1.6400099999999997,0.7717892,2.543891,1.5184289999999999e-05,18.0,2.0499076730685974
11.434339999999999,1.017094,0.03321043,0.005124653,0.0227305,0.47255699999999995,0.5791418,1.025683,0.08965703,1.792197e-05,19.0,2.403023341475273
11.51515,0.08158999,0.4690491,0.1278385,-3.117925,0.8090629,1.590328,0.02330499,3.460789,2.896216e-05,0.0,3.0559426951241173
11.51515,0.24601710000000002,0.07438193,0.03588856,-1.001226,2.624678,4.0608010000000005,0.12202089999999999,2.527159,3.4309309999999994e-05,10.0,3.1328954659671404
11.51515,0.4594687,0.02270477,0.26570479999999996,-1.264343,1.827782,4.12505,0.3114318,3.543563,2.555126e-05,16.0,2.8321388981819307
11.51515,1.031571,0.3018592,0.1564283,1.648998,1.658007,3.6059309999999996,1.047662,0.5701215999999999,2.995881e-05,17.0,3.2402472400059374
11.51515,1.779145,0.07119172,0.05813881,2.421135,5.342641,4.997253,2.373021,3.46852,7.143266e-06,13.0,1.3378898908643633
11.59596,0.05242661,0.07706272,5.172655999999999e-07,2.27602,5.283261,5.051254,0.01200401,3.690603,6.061304e-06,0.0,1.2220622462298423
11.59596,0.09016586,0.06067758,1.050717e-06,-0.9140438,1.430144,1.8315830000000002,0.02707439,1.4349100000000001,1.487491e-05,3.0,2.067148811434669
11.59596,0.18718970000000001,0.02832125,1.6593229999999998e-07,0.6531092,5.231395,1.012291,0.08098654,1.46718,2.57275e-05,8.0,2.916670244234907
11.59596,0.32877540000000005,0.03297158,4.0644950000000003e-07,-0.3233948,3.983101,2.996255,0.1885105,5.577774,1.5756729999999996e-05,13.0,2.2597941575079674
11.59596,0.5639846,0.008614299999999998,1.555727e-07,2.778795,5.7763349999999996,3.512546,0.4235258,1.2569549999999998,3.3941740000000003e-05,15.0,3.06785150311424
11.59596,0.8247914000000001,0.01746477,4.107967e-07,3.057334,5.7847800000000005,4.375883999999999,0.7490175,1.850646,1.533329e-05,18.0,2.1618973732010884
11.67677,0.06027049,0.006882332,0.0017575689999999998,-3.073801,3.3633660000000005,1.861307,0.01479635,1.5855059999999999,1.1093130000000001e-05,0.0,1.8702115863124058
11.67677,0.10292509999999999,0.0231666,0.003184041,2.22669,3.646404,6.151606,0.03302005,0.2916149,9.774524e-06,5.0,1.5746723674495717
11.67677,0.15909389999999998,0.04755449,0.0007824297999999999,-0.3106845,4.537155,1.095308,0.063456,3.1510860000000003,1.3571410000000001e-05,8.0,1.9235488170371586
11.67677,0.2201156,0.01898549,0.00318168,-0.005617445,2.3236310000000002,4.2652529999999995,0.1032684,1.9822389999999999,5.704999e-06,11.0,1.2237490336548302
11.67677,0.2823895,0.02505882,0.0004361526,-1.018619,4.540298,5.773345,0.15005870000000002,2.289846,1.383836e-05,12.0,2.0526868975837202
11.67677,0.3611605,0.06546499,0.002106575,-2.4418599999999997,2.972081,0.08034797,0.21703850000000002,5.771902,8.442096e-06,14.0,1.4833328522151346
11.67677,0.4991206,0.01849007,0.000656577,-2.482376,0.6757479999999999,1.910636,0.3526063,3.6975160000000002,2.0999879999999997e-05,15.0,2.5018654318732767
11.67677,0.6618269,0.004076232,0.0005262294,1.272202,6.030164,4.2804400000000005,0.5383884,3.260291,1.3157620000000002e-05,17.0,1.8580012736864062
11.67677,0.8227901,0.01691258,0.0008031773,0.36634920000000004,1.663555,5.0881050000000005,0.7462928000000001,3.0609599999999997,1.546885e-05,18.0,2.198021331760203
11.75758,0.05118527,0.01940901,0.03754762,3.127296,4.08364,5.993364,0.0115802,5.028892,5.913553e-06,0.0,1.2030145173135958
11.75758,0.07235341,0.02047532,0.05933262,-2.661058,1.2968979999999999,0.11944300000000001,0.01946194,1.524478,4.961192e-06,3.0,1.1809305663704215
11.75758,0.09168953,0.02844791,0.02897483,0.266691,0.30382109999999996,1.8023,0.02776361,1.28606,6.049926000000001e-06,5.0,1.2343617290745272
11.75758,0.134134,0.0044843470000000005,0.02106897,1.4432040000000002,4.6247940000000005,2.2833040000000002,0.04912492,2.503846,1.188348e-05,7.0,1.7228666196555715
11.75758,0.1989124,0.01379338,0.00845434,-1.453871,0.6788841999999999,1.857364,0.08871236,2.6456,1.0550660000000001e-05,10.0,1.6939164381955174
11.75758,0.2515636,0.0169075,0.02068997,-1.183768,0.12974180000000002,1.1712,0.1261717,2.2517099999999997,6.342951e-06,12.0,1.2409178386704545
11.75758,0.2965977,0.02254559,0.02175326,-0.2493527,1.786909,5.848045,0.1615251,4.2694540000000005,7.2274850000000005e-06,13.0,1.3665719204986924
11.75758,0.3559611,0.01187262,0.0215264,1.550178,5.182982,5.802109,0.2123687,5.332915,8.279217e-06,14.0,1.487978143808418
11.75758,0.4321451,0.01289799,0.008541867,-2.597661,5.536441,6.061096,0.2840724,3.122805,9.538539e-06,15.0,1.6014422394190604
11.75758,0.5261454000000001,0.018268299999999998,0.008188197,-0.6316841,3.079015,0.7240843000000001,0.3816286,4.523958,1.1057870000000001e-05,16.0,1.95426991331416
11.75758,0.6436449000000001,0.004268227,0.01084628,-2.9797439999999997,3.500981,3.9115519999999995,0.5163557,3.3882239999999997,1.290595e-05,17.0,1.895297022701504
11.75758,0.7997634,0.006625438000000001,0.004125241,0.5835406,5.314972,0.6049249,0.7151851,1.000723,1.517398e-05,18.0,1.9257594477424225
11.83838,0.07754024,0.1412241,0.08039035,-2.683881,4.119872,0.9346165000000001,0.02159165,5.622108,2.2530949999999998e-05,0.0,2.583531300149975
11.83838,0.20029439999999998,0.03818194,0.05899767,2.503083,0.1342573,5.446806,0.08963818,2.833286,2.491775e-05,8.0,2.7067351665209385
11.83838,0.3547495,0.1602047,0.03751368,-2.555144,3.3789290000000003,2.8839360000000003,0.21128550000000001,2.3157810000000003,1.1951989999999998e-05,10.0,1.7932946401377285
11.83838,0.5226385,0.04755372,0.0282708,-0.6181767,4.871131,5.753411,0.3778198,1.595582,2.0702110000000004e-05,14.0,2.3124719580311552
11.83838,0.7626567,0.08499887,0.03562892,0.25300520000000004,0.13452550000000002,0.1394372,0.6659936,5.988597,2.8293730000000002e-05,16.0,2.983398362227626
11.919189999999999,0.0510326,0.1570073,0.04220461,1.528913,0.7584288,2.131816,0.01152843,6.067499,5.9734400000000005e-06,0.0,1.292916088397321
11.919189999999999,0.07746314,0.02970412,0.06035906,-1.096071,3.44354,4.415269,0.02155955,2.1190900000000004,7.948099e-06,3.0,1.4004682659912158
11.919189999999999,0.1197868,0.006515476,0.04785112,0.20975700000000003,3.418562,0.4866821,0.04145795,3.1415490000000004,1.0871279999999999e-05,6.0,1.737327938739634
11.919189999999999,0.1751568,0.148038,0.01593175,-1.506701,5.927282,4.021926000000001,0.07330492,5.746656,9.610685e-06,9.0,1.6783449410168276
11.919189999999999,0.2707585,0.01549326,0.01255007,-2.1897450000000003,0.47065740000000006,0.04762286,0.1408838,1.7969849999999998,2.225546e-05,11.0,2.7020913951571996
11.919189999999999,0.4213121,0.01749459,0.02124961,2.360231,0.751088,3.497058,0.27345759999999997,0.3991746,1.6087349999999998e-05,13.0,2.0343757399081386
11.919189999999999,0.6365046999999999,0.01591331,0.0080381,-0.4924201,2.752668,3.809396,0.5077866,1.580976,2.5132529999999996e-05,16.0,2.818605600235542
11.919189999999999,0.8754798,0.05016784,0.01284171,2.420383,4.342023999999999,4.341997,0.8191142,3.799552,1.601489e-05,18.0,2.124395334376419
12.0,0.05298188,0.3685609,0.12754780000000002,-2.6346439999999998,3.5718400000000003,0.7567195999999999,0.01219518,5.868868,1.259378e-05,0.0,1.8331597974010951
12.0,0.1374935,0.041776,0.02255989,0.8888023000000002,0.2263451,2.044648,0.05098162,0.9985535,3.083067e-05,6.0,3.3537102172199553
12.0,0.373835,0.127024,0.03086647,1.567993,3.140914,3.390626,0.22855720000000002,4.71152,3.020993e-05,15.0,3.4957451363843113
12.0,0.7556531999999999,0.02559412,0.01683723,-1.34487,3.3009739999999996,1.056263,0.6568485,5.34245,4.205699000000001e-05,12.0,4.006963645594895
4.0,0.05070294,0.0001304616,0.01131548,0.1280422,4.206241,1.1405040000000002,0.01141678,3.08942,2.8419559999999995e-05,0.0,2.890024014222997
4.0,0.09983404,0.0001375703,0.01130772,0.1273952,4.111966000000001,4.508652,0.03154238,0.26936420000000005,8.001362e-05,11.0,5.440506184508481
4.0,0.22421929999999998,0.0009243641,0.01128605,0.1241434,0.5033999,3.875926,0.1061568,3.248185,6.279766e-05,29.0,4.777696384954058
4.0,0.5495395000000001,0.0007722753,0.01121136,0.1233098,2.035407,2.873977,0.4073337,0.7162734000000001,0.0001128442,27.0,6.937564242212559
4.0,2.652721,0.09195632,0.1008883,1.958036,6.20061,0.47427290000000005,4.319885,4.698183,1.5676629999999997e-05,51.0,2.1155812005344967
4.08081,0.04865765,0.006644414,0.0134727,2.4260610000000002,1.453058,3.651986,0.01073302,6.0530349999999995,2.094087e-05,0.0,2.5515238340901956
4.08081,0.07999744,0.008628123,0.01309879,2.4025849999999997,1.418669,4.034269999999999,0.02262577,0.2167029,2.813638e-05,8.0,2.989006055419531
4.08081,0.14137139999999998,0.01625678,0.01252566,2.3616900000000003,1.36665,5.323313,0.05315098,1.627456,9.385538e-05,19.0,6.163034042329961
4.08081,0.4863274,0.1309599,0.01595054,0.680525,2.933757,1.565742,0.3391035,4.020014,0.0001370423,37.0,7.719009230528874
4.08081,1.086359,0.04810214,0.07024979,-2.125454,3.5533360000000003,2.602719,1.1321139999999998,1.265578,1.647872e-05,51.0,2.160470750109154
4.08081,2.239463,0.1435729,0.01479218,2.375557,5.157635,2.439593,3.35081,1.471326,2.4467070000000003e-05,44.0,2.8156884471305226
4.16162,0.05981046,0.00018776,9.436836e-06,-3.061045,4.921163,2.7070279999999998,0.01462707,0.8471915999999999,3.925954e-05,0.0,3.7751138421794552
4.16162,0.1418289,0.00021065810000000002,9.282742e-06,-3.033671,4.977213,2.454968,0.05340996,0.5116316,7.518221e-05,12.0,5.241561520185286
4.16162,0.2494953,4.7822829999999994e-05,8.897952e-06,-3.0097169999999998,4.993332,4.984797,0.1246106,3.001194,6.296518e-05,23.0,4.655153469634502
4.16162,0.519328,0.0005602394000000001,7.9514e-06,-2.89175,4.909207,0.2574502,0.37420690000000006,4.522078,5.701921999999999e-05,37.0,4.507765517410263
4.16162,0.8675033000000001,0.000624722,6.42641e-06,-2.8869849999999997,4.888086,1.097582,0.8078807,5.378684,3.9380149999999996e-05,40.0,4.182089010645252
4.16162,1.349008,0.0013285010000000002,1.579061e-05,-1.569216,4.314854,2.801693,1.566605,0.05620403,1.3433199999999999e-05,43.0,1.8838171390201426
4.16162,2.0164299999999997,0.0045397779999999995,6.158207e-05,-1.422669,3.9761050000000004,6.194317,2.862915,3.6365550000000004,1.735864e-05,47.0,2.266801396007026
4.24242,0.07502524,0.107573,0.14548470000000002,-2.188734,0.319769,2.417273,0.02054873,4.101715,0.0001201579,0.0,7.50294501674919
4.24242,0.1513914,0.05723333,0.199229,-1.9218970000000002,1.7886540000000002,4.210519000000001,0.05889734,4.239857,8.237044e-05,33.0,5.689230418518196
4.24242,0.6597274999999999,0.48465649999999993,0.10404360000000001,-1.44603,2.3182549999999997,4.894819,0.5358071999999999,3.505415,5.6299949999999996e-05,29.0,4.069525270557771
4.24242,8.844743,0.45412600000000003,0.01380616,2.860242,0.8701814,0.8127288,26.300620000000002,3.236166,2.5967289999999997e-05,41.0,2.925026040333827
4.323230000000001,0.05089555,0.05275204,0.3372905,-0.2276987,0.5292262,5.555778,0.01148189,5.160819,2.9733790000000003e-05,0.0,3.1662376168435893
4.323230000000001,0.1158093,0.16605720000000002,0.01544806,-0.1693672,2.254299,0.8051047,0.03940853,4.671361,8.504221999999999e-05,13.0,5.954285898072806
4.323230000000001,0.3464722,0.171149,0.05479256,-1.7765520000000001,4.355751000000001,0.8244087999999999,0.2039166,4.209999,0.0001151473,20.0,7.044818671470658
4.323230000000001,1.297051,0.45321859999999997,0.077614,2.414914,4.845761,0.4427478,1.476992,4.9668470000000005,3.6036609999999994e-05,39.0,3.309716093919292
4.40404,0.05380436,0.00013210229999999998,2.980232e-08,-1.15008,0.7956755999999999,5.924548000000001,0.01248017,6.278951,2.666124e-05,0.0,2.9189293960969844
4.40404,0.09054748,0.000441875,3.942477e-08,-1.064651,4.196015,2.894643,0.02724612,6.046256,1.870923e-05,12.0,2.2373103259181972
4.40404,0.1228012,0.0001360504,4.9421559999999996e-08,-1.099385,1.5305959999999998,1.0162959999999999,0.04303163,0.5852361,2.883869e-05,18.0,3.2313826640778367
4.40404,0.22232020000000002,0.0001893979,4.470348000000001e-08,-0.7396404999999999,5.4666,5.182016,0.10481800000000001,0.45522250000000003,7.491712e-05,25.0,5.395403371913339
4.40404,0.42722970000000005,0.0005592309,5.960464e-08,0.45066759999999995,3.237188,1.3400459999999998,0.2792128,3.9345779999999997,5.701729e-05,42.0,4.40648007070604
4.40404,0.716737,0.0004345732,2.5809570000000003e-08,-1.128059,1.490202,5.31986,0.6067026999999999,4.956874,3.151747e-05,44.0,3.1519691021591862
4.40404,1.0664870000000002,0.0002718402,5.960464e-08,-1.345467,3.984897,1.5388870000000001,1.101258,5.182158,5.610597e-05,33.0,4.49133991429029
4.48485,0.07117697,0.05256569999999999,0.19733979999999998,2.735332,3.5028019999999995,0.5552282,0.01898866,0.6630201,6.851461999999999e-05,0.0,5.067470964243755
4.48485,0.1750982,0.04706057,0.18287,2.854115,3.046924,3.2190529999999997,0.07326428,3.561552,6.993314999999999e-05,21.0,4.872065205244624
4.48485,0.47921270000000005,0.08228474,0.18970510000000002,-1.9498900000000001,0.1944114,0.4519611,0.33169640000000006,2.331809,9.963861999999999e-05,25.0,6.361591918890808
4.48485,2.654242,0.17550439999999998,0.09723518,0.0072043459999999995,2.15275,2.1537599999999997,4.323647,6.274216,1.7920410000000003e-05,44.0,2.1653991491800175
4.48485,2.920826,0.23116839999999997,0.3071747,1.558577,4.079212,1.879893,4.991167,2.739696,2.238897e-05,31.0,2.781601807323667
4.56566,0.05501061,0.0004328797,4.9421559999999996e-08,-3.125983,1.403624,1.626103,0.01290212,3.3482839999999996,3.95894e-05,0.0,3.7133935023443008
4.56566,0.10830330000000002,0.0002149406,8.815646000000001e-08,-3.076886,1.7210450000000002,2.3463529999999997,0.03564049,3.701965,4.812497e-05,17.0,4.227684235118491
4.56566,0.2525904,0.0008980055000000001,4.712161e-08,1.8115970000000001,4.676126,4.891458,0.1269363,4.685125,5.964696e-05,28.0,4.773335997140633
4.56566,0.41551520000000003,0.00018907450000000002,3.650024e-08,1.997581,3.7811839999999997,5.429180000000001,0.26782659999999997,5.933471,3.496042e-05,23.0,3.5291573060847243
4.56566,0.5707196999999999,0.00022558759999999998,6.989264000000001e-08,1.121056,2.241144,4.027013,0.43110740000000003,0.6650911999999999,4.261045999999999e-05,31.0,3.946061528707875
4.56566,0.8649979,0.002608819,2.980232e-08,1.289996,1.5369469999999998,5.9314029999999995,0.8043794,3.104653,2.354587e-05,41.0,2.7470887498019447
4.56566,1.082021,0.0008411628,3.332001e-08,2.101931,4.622066,0.02745359,1.1253790000000001,5.869152,2.540922e-05,38.0,2.744439731231577
4.56566,1.5717729999999999,0.001117242,1.246721e-07,2.803948,5.051176,1.7350310000000002,1.97028,0.1634559,1.005378e-05,39.0,1.6113774171293842
4.64646,0.06261135,8.569052e-05,6.322026999999999e-08,1.92185,2.2859599999999998,1.217374,0.01566651,3.2927230000000005,3.4368109999999994e-05,0.0,3.416118597014697
4.64646,0.115851,0.00038126919999999996,1.1151010000000002e-07,1.243354,3.3300410000000005,1.470852,0.03943099,3.180612,2.163525e-05,6.0,2.604128067313926
4.64646,0.1683709,0.001037091,1.3244439999999999e-07,1.498065,3.299065,1.7285099999999998,0.06908423,3.214414,4.3161040000000005e-05,19.0,3.7862630439889235
4.64646,0.272804,0.0016811460000000001,1.534168e-07,1.326702,3.252654,3.25055,0.1424775,4.951114,3.797933e-05,26.0,3.4562241777995313
4.64646,0.4432487,0.0005570659,8.688795e-08,1.6685849999999998,1.650727,3.956571,0.295069,0.6379223,8.263014000000001e-05,30.0,5.864900865133799
4.64646,0.6752262,0.00173915,3.332001e-08,1.898002,2.735144,4.8105080000000005,0.5547831999999999,0.17797670000000002,1.322385e-05,40.0,1.6743131490403282
4.64646,0.927631,0.0007831181,7.598131e-08,0.8725586999999999,0.04579379,0.8978579,0.8933244,6.262658999999999,1.4164849999999999e-05,41.0,2.0971892298574746
4.64646,1.199306,0.0008168349000000001,1.0430810000000002e-07,-0.1265561,4.364833999999999,3.68551,1.313209,5.729559,1.757338e-05,44.0,2.2586312586416315
4.64646,1.6531150000000001,0.000729301,2.128312e-07,-0.9074283000000001,5.214456,5.630227,2.1251889999999998,1.324614,1.632791e-05,43.0,2.2998498150183675
4.72727,0.06054747,0.007977086,0.02960337,-2.448141,4.016805000000001,1.792498,0.01489799,0.22741020000000003,7.528851e-05,0.0,5.747408722725551
4.72727,0.1820427,0.0134075,0.02738148,-2.454697,4.056468,6.138197,0.07766578,4.510105,6.329754e-05,21.0,5.0647204681553255
4.72727,0.5299232,0.06999332,0.01358342,-2.736477,4.47762,2.9000049999999997,0.3857175,1.291397,9.232229e-05,33.0,6.575661504852536
4.72727,1.1869020000000001,0.09485143,0.03249434,-0.38177,2.472969,2.36825,1.2929,0.335544,3.3449e-05,34.0,3.4688112320450744
4.72727,2.92719,0.4695183,0.1112202,1.488308,1.780874,3.4457760000000004,5.007441,0.5371060000000001,1.403817e-05,42.0,2.0650195328278436
4.80808,0.05425934,0.1305903,0.164499,0.01374826,1.304371,3.635648,0.01263873,2.489183,3.8900859999999996e-05,0.0,3.5859552698053223
4.80808,0.1625772,0.25101710000000005,0.20939810000000003,-0.4122258,2.007795,4.664329,0.06554731,3.096535,0.0001194501,13.0,7.341949571668717
4.80808,0.4758406,0.2424643,0.02394414,1.503387,1.022633,5.631225,0.3282035,3.118723,6.746709e-05,29.0,5.3160087723032525
4.80808,2.8862330000000003,0.41031850000000003,0.42148679999999994,2.77813,3.829742,3.4385209999999997,4.902804,3.1288650000000002,1.5965739999999998e-05,45.0,2.227463392029412
4.80808,5.568569,0.2734871,0.26529400000000003,-3.085213,6.112044999999999,3.05837,13.1389,0.05745998,1.721614e-05,46.0,2.097647959303311
4.88889,0.05714775,0.1554118,0.27005490000000004,-0.7570108,0.5212485,2.298956,0.01366132,2.686909,2.754966e-05,0.0,2.693350607580226
4.88889,0.0953523,0.06590717,0.2709159,-0.7576094,0.39183709999999994,5.858861,0.02944314,6.216231,3.078134e-05,11.0,3.2637719996800327
4.88889,0.1561276,0.1283333,0.2513619,-0.7336604999999999,0.31675149999999996,2.238983,0.06168641,2.7605779999999998,8.088590999999999e-05,18.0,5.4838792022543625
4.88889,0.6012148,0.08816446,0.03556929,-1.279102,4.080017,3.8032779999999997,0.46611379999999997,1.1596549999999999,0.00010295459999999999,30.0,5.911908380170328
4.88889,2.852575,0.3300864,0.6938371,2.280999,2.307378,5.797753,4.817231,1.877303,1.3225170000000001e-05,36.0,1.9857344364191991
4.88889,6.06318,0.4610367,0.1968449,1.888111,5.179501,1.7127310000000002,14.92779,1.8738,1.232414e-05,35.0,1.8642572808897433
4.9697,0.05979161,0.0001769535,9.424322e-08,-0.3895235,2.535715,4.2068129999999995,0.01462035,2.0609330000000003,1.1420739999999998e-05,0.0,1.6962716700698683
4.9697,0.08133756,0.0006812518,9.884311999999999e-08,-0.3361433,4.808358,3.559849,0.02319689,5.369741,2.077656e-05,5.0,2.5762718707422847
4.9697,0.1319375,0.000456113,1.010646e-07,-0.45553710000000003,6.1010279999999995,3.968608,0.04792268,4.605396,1.963912e-05,12.0,2.5529315992657926
4.9697,0.1799856,0.0004315202,6.82857e-08,-0.12850250000000002,3.569814,0.266796,0.07635306,3.108698,3.599626e-05,18.0,3.3454663321715667
4.9697,0.3188393,0.0003295889,4.2146850000000005e-08,-0.8309809000000001,6.246643,5.3494980000000005,0.180026,6.216978,5.18126e-05,17.0,4.343547648754097
4.9697,0.42525379999999996,0.0024181660000000002,0.0,2.725588,0.01518018,1.152625,0.2772855,4.690207,1.0367930000000002e-05,31.0,1.6915878062402516
4.9697,0.5696416,0.0001653375,7.300048e-08,2.06192,3.020398,3.892674,0.42989220000000006,5.093234,5.8225319999999994e-05,28.0,4.407282710421441
4.9697,0.9571825,0.0004937422,1.210576e-07,-0.8753002000000001,1.574303,3.255477,0.9363541999999999,2.55702,3.096277e-05,35.0,3.0177956147974356
4.9697,1.170035,0.002646832,2.1073419999999994e-08,2.9361580000000003,1.54936,5.909606,1.265444,1.4293280000000002,1.4781660000000002e-05,36.0,2.0847904470058847
5.05051,0.06986059,6.256468000000001e-05,4.707093e-06,0.2404706,4.859646,1.0210219999999999,0.01846436,2.204191,6.496621e-05,0.0,5.231515541121736
5.05051,0.20354360000000002,0.00014686430000000002,3.810358e-06,0.3170599,2.782952,3.2823510000000002,0.09182364,0.18239149999999998,8.138313e-05,22.0,5.855309720205116
5.05051,0.5249395,0.0007297061,7.578804e-06,-0.7524583,2.366204,3.727497,0.38029959999999996,2.115,2.847953e-05,32.0,2.8821513964916052
5.05051,0.7735280999999999,0.0003166211,9.364701e-06,-0.6644748,5.638793,1.117086,0.6802451,2.4263689999999998,4.946324000000001e-05,35.0,4.231732588615406
5.05051,1.172606,0.0005068254000000001,2.178214e-05,-0.1864385,0.6103890999999999,4.31922,1.269619,3.8945760000000003,1.56406e-05,40.0,2.193978277990862
5.05051,1.7234580000000002,0.00019843389999999998,7.776509e-05,0.5927553000000001,1.320929,6.03837,2.262296,4.124356,1.3442660000000001e-05,38.0,2.12424165042518
5.13131,0.07004158,0.2028364,0.2213594,2.803993,0.9433173,5.072539,0.01853626,1.7328400000000002,5.382744000000001e-05,0.0,4.478261583098918
5.13131,0.1795971,0.2132325,0.16026970000000001,0.01802625,5.2868319999999995,1.6627470000000002,0.07610746,2.806022,4.578706e-05,18.0,3.785609196739307
5.13131,0.3487827,0.06973223,0.02089168,3.085991,4.577955,5.836737,0.2059645,4.324371,8.487584000000001e-05,21.0,6.114159550176241
5.13131,0.9319818000000001,0.2018019,0.03791777,1.29029,3.8145830000000003,3.83655,0.8996166999999999,4.609848,6.255449999999999e-05,31.0,4.701103251453297
5.13131,2.1239630000000003,0.1765298,0.08725398,-2.033186,1.6099780000000001,4.033207,3.0950189999999997,4.138365,1.526195e-05,39.0,2.0843578451242233
5.21212,0.0414096,0.007461862,0.3810212,-3.0321130000000003,3.767695,2.524299,0.008426376,1.8032580000000002,4.9632330000000005e-05,0.0,3.9775485489568783
5.21212,0.1531602,0.01644388,0.3619398,-3.067269,3.252724,1.238504,0.05993644,1.0819159999999999,7.967914e-05,19.0,5.983661311450783
5.21212,0.6294724,0.2377092,0.04097928,-2.773461,1.936679,1.201202,0.49936729999999996,2.404016,7.769235e-05,22.0,5.615723477611187
5.21212,9.945803,0.6662241,0.26098289999999996,0.2718325,4.948879,4.401654,31.36255,4.05096,1.5629079999999998e-05,40.0,2.1552114231435056
5.29293,0.08506633,5.986352e-05,7.300048e-08,-2.781644,3.131426,1.9015090000000001,0.02480989,1.551847,5.400003000000001e-05,0.0,4.349156624602651
5.29293,0.1677204,0.0007712844,5.1619140000000005e-08,3.018759,5.678786,4.039408,0.06868487,1.626588,2.8268320000000003e-05,16.0,3.1612660762389777
5.29293,0.2741067,0.00039284730000000004,1.490116e-08,1.8969049999999998,2.8573880000000003,3.257654,0.1434999,4.785762999999999,4.501877e-05,20.0,3.97358482301073
5.29293,0.4692571,0.0002818712,4.9421559999999996e-08,0.9730171000000001,5.052711,3.619154,0.32142129999999997,3.876233,6.428363e-05,28.0,4.759027263264894
5.29293,1.030409,0.0002268786,5.771195e-08,2.292808,1.384585,4.584936,1.0458399999999999,0.9078999,3.724987e-05,29.0,3.5207716181089976
5.29293,1.6995939999999998,0.0005088818,8.296614999999999e-08,1.641664,2.040405,5.559017,2.215461,1.877919,1.781626e-05,36.0,2.3255317148760426
5.37374,0.0698424,0.009657411999999999,0.005870524,0.1684057,2.763195,2.052495,0.01845745,5.38909,3.239309e-05,0.0,3.331216452359744
5.37374,0.1641967,0.01013718,0.006259201,0.15196110000000002,0.5060249,4.563083,0.06653117,3.891206,6.594044e-05,11.0,4.887020851261884
5.37374,0.3416303,0.04084167,0.007169228000000001,0.1563273,0.7388799,6.057055999999999,0.1996644,5.086682,5.7930830000000007e-05,21.0,4.907046431790108
5.37374,0.74939,0.04250686,0.00612109,0.4825821,6.144472,3.1221520000000003,0.6486539000000001,2.807058,6.876238e-05,30.0,4.729704071454089
5.37374,3.3370919999999997,0.6777353,0.013405700000000001,-2.590265,2.453214,4.56752,6.095363,3.6087279999999997,1.766617e-05,36.0,2.1968706818997137
5.45455,0.05061472,0.0001153175,7.884953e-08,2.563638,5.19876,0.1667777,0.01138703,4.970528,2.261691e-05,0.0,2.299295969549498
5.45455,0.1004923,0.0003134354,1.154239e-07,2.213215,4.404666000000001,4.320456,0.03185559,3.985293,3.827851e-05,11.0,3.828397820850211
5.45455,0.1645787,0.00016711729999999999,1.264405e-07,1.620339,6.283099,2.2480700000000002,0.06676404,0.6280133000000001,2.1079499999999997e-05,22.0,2.607095290081933
5.45455,0.309718,0.00038231370000000003,6.82857e-08,2.67347,5.292123,4.340872,0.1723473,2.658819,7.433516e-05,28.0,5.211049766844418
5.45455,0.6201949000000001,0.0005221143,2.1073419999999994e-08,-1.780134,1.957552,3.290745,0.48838580000000004,3.113356,5.241492e-05,25.0,3.9438004282316164
5.45455,1.00708,0.0002498482,5.5755040000000005e-08,1.346559,3.972839,1.7900060000000002,1.010519,2.7539830000000003,2.838389e-05,36.0,2.9526060443263153
5.45455,1.535306,0.0005880973,5.960464e-08,-2.057618,0.3115329,2.281882,1.902118,4.027056,1.5137579999999997e-05,39.0,2.063937917684922
5.53535,0.05364437,0.0008083392999999999,2.475985e-05,-1.016367,3.442114,3.21347,0.01242441,0.78887,4.784938e-05,0.0,3.989390703284516
5.53535,0.15250139999999998,0.0007674764,2.457703e-05,-1.0401610000000001,3.634919,2.8214360000000003,0.05955111,0.2270239,4.8348809999999994e-05,3.0,4.033415208590016
5.53535,0.2593014,0.001653131,2.396035e-05,-1.0416889999999999,3.7508160000000004,5.364182,0.1320264,2.656597,2.2586199999999997e-05,33.0,2.6393696793807746
5.53535,0.4697307,0.004773924000000001,2.24581e-05,-1.031405,3.276137,2.872032,0.32191929999999996,0.6329314,2.540621e-05,28.0,2.998323022905545
5.53535,0.6274488,0.004525892,2.2144720000000003e-05,-1.050222,3.727404,4.2798110000000005,0.49696490000000004,1.611675,7.056134e-05,30.0,5.242601431578304
5.53535,1.094281,0.02786985,2.217652e-05,-1.433969,3.5857900000000003,1.977962,1.144564,6.099342,1.753682e-05,40.0,2.3288072134817916
5.53535,1.9179560000000002,0.22664320000000002,8.385938e-05,2.532986,5.610599,1.816055,2.655881,6.210994,1.163395e-05,35.0,1.7123077583290534
5.61616,0.0755247,0.00037254300000000003,0.0006963598,-3.0369669999999998,1.310341,6.102326000000001,0.02075518,1.546512,3.22176e-05,0.0,3.4542770429808005
5.61616,0.1415452,0.00040692269999999996,0.0006913214999999999,-3.044412,1.827172,1.931829,0.05325006,3.149063,7.188885e-05,8.0,4.804215403379157
5.61616,0.3649889,0.0036063690000000003,0.0005772666,3.079357,4.391865,1.680739,0.2204824,0.4961273,1.676114e-05,33.0,2.332187006712681
5.61616,0.6066943,0.0007092234,0.0004734814,3.0960520000000002,0.7890543999999999,4.9275459999999995,0.4725177,1.043665,6.512057e-05,17.0,5.190566601733813
5.61616,1.228542,0.0008041602999999999,0.00024897119999999997,-2.720512,1.079382,0.02280419,1.36158,1.6655349999999998,2.4273330000000002e-05,25.0,2.7742132484436555
5.696969999999999,0.04972693,0.002164193,5.960464e-08,-2.684485,1.2508059999999999,3.153276,0.01108879,4.582662,1.418236e-05,0.0,1.8715174334406286
5.696969999999999,0.07965334,0.001125116,8.024521e-08,-2.0546330000000004,5.180343,1.815854,0.02248012,4.971154,1.956664e-05,6.0,2.6965050993637147
5.696969999999999,0.1287681,0.0007222619000000001,4.9421559999999996e-08,-2.238868,0.7468482,0.5153986,0.04620617,2.008727,2.461948e-05,14.0,2.638638971231617
5.696969999999999,0.1833504,0.002205131,3.942477e-08,-1.419238,3.3215120000000002,0.9676273000000001,0.0785063,5.3449860000000005,2.618639e-05,17.0,2.959294504157608
5.696969999999999,0.2954182,0.0002476943,4.2146850000000005e-08,-1.322966,0.9633654,1.8031709999999999,0.1605586,2.163182,1.791961e-05,22.0,2.5429422416474923
5.696969999999999,0.40240970000000004,0.0005896359999999999,4.470348000000001e-08,-1.190949,4.177443,2.773894,0.25525180000000003,6.070336,5.317791e-05,24.0,4.2197557617774955
5.696969999999999,0.5852076,0.0019139320000000001,9.771345e-08,-1.0841889999999998,1.6448470000000002,4.1808559999999995,0.44762700000000005,3.61844,2.58002e-05,33.0,2.928138803484542
5.696969999999999,0.9403001,0.0005492083,3.942477e-08,-0.09037924,4.26891,5.522247,0.9117098,1.3447870000000002,4.270973e-05,32.0,3.7888145388392456
5.77778,0.06494854,0.0009291116,0.0005996727,2.947959,3.4501459999999997,6.26825,0.016552,6.15309,1.7195550000000002e-05,0.0,2.10343980749729
5.77778,0.1232535,0.001332759,0.0005929125,2.929003,3.515136,1.848041,0.04326982,1.6897349999999998,4.675932e-05,7.0,4.03622618338116
5.77778,0.2584985,0.002599576,0.0005495305000000001,2.84715,3.417653,5.2225980000000005,0.1314217,5.236483,2.6981909999999997e-05,15.0,2.7901036207552883
5.77778,0.368132,0.004005075,0.0005366694000000001,2.823876,3.649322,0.2774788,0.2233444,0.08816925,4.866311e-05,19.0,4.1928588648244265
5.77778,0.6456125,0.007887916,0.000474499,2.755855,3.97005,0.7102076999999999,0.5186978,0.27169790000000005,6.042605e-05,21.0,5.213598046092319
5.77778,1.073814,0.01075576,0.0001740751,2.399463,3.442192,5.210376999999999,1.112614,5.6390720000000005,1.4737420000000002e-05,31.0,2.1152271993969274
5.77778,1.9126009999999998,0.3097063,0.001732426,-0.0211399,0.9037055,4.184153,2.644789,3.230384,1.0616660000000002e-05,27.0,1.6289779049821524
5.85859,0.048695800000000004,0.00893571,0.0032259140000000003,0.04375497,4.773949,0.7336243,0.01074573,2.213469,5.855672e-06,0.0,1.272631199634966
5.85859,0.06428966,0.006535394,0.0035020309999999996,2.165106,0.5824590999999999,4.046569,0.01630063,1.311623,7.442761e-06,5.0,1.3279485562223132
5.85859,0.08541933,0.001721244,0.003015615,-0.45534179999999996,6.111338,2.498556,0.02496483,3.1258,1.98635e-05,3.0,2.4969976529087647
5.85859,0.1201461,0.008725825,0.006136649,0.8870427,4.775862,4.45296,0.04164424,5.056851,1.120954e-05,12.0,1.667935134952138
5.85859,0.159807,0.0019052320000000002,0.001971493,2.763872,4.693494,3.873254,0.0638822,2.700701,1.936432e-05,16.0,2.462596535648812
5.85859,0.23237710000000003,0.003728639,0.001711667,-1.511762,2.748878,0.1990235,0.11201110000000002,5.238654,2.5810370000000004e-05,21.0,2.811021113153844
5.85859,0.3335768,0.002672758,0.002446005,-2.026048,0.392712,2.754636,0.1926454,4.382912,2.7956550000000003e-05,25.0,3.0341700490937207
5.85859,0.5108946,0.0009626913,0.001125362,1.9029189999999998,3.956728,5.190316,0.3651518,5.612659,4.464884e-05,18.0,3.9077935927140066
5.85859,0.7140091,0.004867478,0.0006471478,0.23394229999999996,4.301677,5.985842,0.6032738000000001,1.459894,2.7468000000000002e-05,32.0,3.18973960910901
5.85859,0.9214831,0.0009919886999999999,0.0001509268,-2.5168939999999997,2.276766,0.6781510000000001,0.8844693000000001,0.9198565000000001,3.2750279999999996e-05,34.0,3.5178952495102154
5.93939,0.05217702,9.967362e-05,5.5755040000000005e-08,-1.046422,2.818676,2.0621419999999997,0.01191829,0.2899453,2.35336e-05,0.0,2.636200765728733
5.93939,0.1117184,4.87591e-05,1.163818e-07,-1.651548,1.7219369999999998,2.937249,0.03733999,2.866886,3.7127729999999996e-05,11.0,3.6711575231100437
5.93939,0.2109592,0.0005127527,9.064022e-08,-1.150073,6.075505000000001,0.5629287,0.09688978,1.921645,2.9541199999999998e-05,21.0,2.918045534274203
5.93939,0.2845239,0.0004082422,1.365714e-07,-1.1560780000000002,2.91777,4.007905,0.1517578,2.24685,3.527139e-05,25.0,3.644570683971935
5.93939,0.5544479999999999,0.0004201625,2.5809570000000003e-08,0.17702400000000001,5.140167,0.7954739000000001,0.41281049999999997,1.762293,6.088831999999999e-05,27.0,5.178840311441977
5.93939,1.111707,0.0004749336,1.490116e-08,-1.3727719999999999,1.5589979999999999,6.13318,1.172024,5.94664,3.873674000000001e-05,32.0,3.713197101448263
6.0202,0.05820222,0.0004931012,9.657055999999999e-08,2.40308,6.05181,1.7132669999999999,0.01404129,5.824311,1.1327249999999999e-05,0.0,1.7047930441700445
6.0202,0.09412956,0.000171867,8.296614999999999e-08,2.933016,2.405355,1.944695,0.0288789,2.889595,2.7071799999999997e-05,5.0,2.9214252645644754
6.0202,0.1660395,0.00039801800000000004,6.989264000000001e-08,-2.071997,2.364866,3.249486,0.0676552,2.956763,3.454241e-05,12.0,3.3254157876514876
6.0202,0.27911779999999997,0.000179403,1.490116e-08,-2.322301,2.207977,4.9091949999999995,0.147454,5.023177,4.09005e-05,19.0,3.838839836329324
6.0202,0.4024979,0.00014385,8.815646000000001e-08,-1.7391470000000002,5.186682,3.707293,0.25533089999999997,0.2598314,1.41205e-05,30.0,1.9680083485133726
6.0202,0.5957852,0.0018419670000000001,4.2146850000000005e-08,-0.49444170000000004,0.6831696,0.05347728,0.4598209,6.147437,1.694011e-05,32.0,2.371051031574628
6.0202,0.7909101,0.0008220004,2.980232e-08,-0.3205812,4.045761,0.10216510000000001,0.7033215,2.660931,5.5385580000000006e-05,20.0,4.646824528848851
6.0202,1.156074,0.0003982867,4.2146850000000005e-08,2.813411,3.5268089999999996,0.7045723,1.24291,0.6480182,1.094064e-05,27.0,1.7187076302826818
6.10101,0.04745992,0.0003083108,1.890745e-07,-1.5797290000000002,6.279017,4.288332,0.01033927,5.871983,2.071047e-06,0.0,0.9077639497945924
6.10101,0.08652326,0.00028751009999999997,1.7756779999999998e-07,-1.69303,0.38760359999999994,4.27411,0.02545008,5.579164,4.4273859999999994e-05,1.0,4.176852981275525
6.10101,0.21016820000000003,0.0003186235,3.942477e-08,-0.6930949000000001,0.47199129999999995,0.4100085,0.09634571,0.6314880999999999,3.7294770000000005e-05,15.0,3.330994974695399
6.10101,0.28758190000000006,0.0003882777,7.146346e-08,-1.872995,1.811289,2.1162349999999996,0.15421310000000002,2.178579,1.282694e-05,16.0,1.910091936039582
6.10101,0.4717639,0.0007446916,8.815646000000001e-08,-2.02314,2.83905,4.189833,0.324008,3.3735800000000005,4.7961859999999996e-05,21.0,4.0554139785859915
6.10101,0.6265428000000001,0.001470851,1.255594e-07,0.9108809999999999,3.881065,1.197832,0.49589759999999994,2.690355,1.249374e-05,28.0,1.7759225390689766
6.10101,0.8572698000000001,0.0004751401,0.0,0.09697405,5.776551,5.418208,0.7936563,5.82745,4.491659e-05,29.0,4.135145573615617
6.18182,0.08823436,0.1100594,0.2762962,2.365041,2.252251,1.128684,0.02620831,2.860783,8.073658000000001e-05,0.0,5.210501755770054
6.18182,0.2952772,0.1442122,0.06406338,0.7839822,6.056684,4.426243,0.1604394,3.700652,7.409669e-05,20.0,5.577855545949138
6.18182,1.311693,0.1515691,0.23955749999999998,-0.7657918,0.8621465,0.07835626,1.5021120000000001,6.258471,4.054606e-05,28.0,3.5298643953957036
6.18182,2.628646,0.2580539,0.2850413,3.101711,1.524131,4.868398,4.261486,0.4205749,1.579955e-05,24.0,2.1816492595014427
6.262630000000001,0.08122005,0.0001254077,5.1619140000000005e-08,-0.9145810999999999,0.25520329999999997,0.1899774,0.023146599999999996,0.8495436,3.544671e-05,0.0,3.3552174998093207
6.262630000000001,0.17028279999999998,0.000145725,3.332001e-08,2.888097,2.7499700000000002,1.9503259999999998,0.07026435,2.595596,6.263505999999999e-05,12.0,4.574478070044325
6.262630000000001,0.3938552,0.0001299928,5.37269e-08,1.190587,2.691208,3.578756,0.247152,5.980069,3.2850809999999995e-05,24.0,3.1895020006727046
6.262630000000001,0.710603,0.0005622186000000001,9.305771999999999e-08,-1.0625,5.445289,2.641562,0.5989576,4.54085,1.719525e-05,30.0,2.2867795961424067
6.262630000000001,1.003526,0.00020313580000000001,5.5755040000000005e-08,-2.542084,3.539688,1.317507,1.005215,0.3200298,5.65034e-05,18.0,4.309619248729788
6.343430000000001,0.04331516,0.01193503,0.04723256,-1.345243,2.9233029999999998,4.041367,0.00901481,2.478112,1.5593110000000002e-05,0.0,2.1812721480144113
6.343430000000001,0.06943157,0.01681384,0.04842156,-1.3380319999999999,3.076652,5.280307,0.01829477,3.528838,2.3910970000000003e-05,8.0,2.7890705440945287
6.343430000000001,0.1259617,0.02819744,0.05081786,-1.31951,3.0322299999999998,3.012013,0.04470292,1.354112,6.066495e-05,16.0,4.517447425135582
6.343430000000001,0.5094785,0.1317921,0.6204775,-0.5998220999999999,3.534086,2.26518,0.363633,5.427619,1.7304770000000002e-05,27.0,2.1732826301038397
6.343430000000001,0.8504915999999999,0.07387344,0.0901664,3.118098,4.123505000000001,0.01758261,0.7842597,5.216448000000001,9.043142e-05,29.0,5.870713850162495
6.42424,0.05839315,0.0001219877,5.960464e-08,-0.38340840000000004,4.003547,2.837349,0.01411047,5.500224,6.723878e-06,0.0,1.319003100531051
6.42424,0.08165773,0.00022838650000000003,5.5755040000000005e-08,-0.8985264999999999,0.006567122,1.174648,0.02333412,2.067009,1.39801e-05,3.0,1.8993288505730845
6.42424,0.1391093,0.0002606013,7.300048e-08,2.691655,3.4838089999999995,0.04865791,0.05188268,0.15645979999999998,3.375275e-05,8.0,3.2411009058447817
6.42424,0.1875483,0.0007878032000000001,4.470348000000001e-08,-3.040633,5.358782,1.775353,0.08121625,5.739574,1.0326089999999999e-05,24.0,1.5943416566091555
6.42424,0.2805895,0.0004760657,3.942477e-08,-0.6199925000000001,3.9895419999999997,3.5634010000000003,0.1486232,0.1940344,2.245591e-05,19.0,2.634155120867744
6.42424,0.34724340000000004,0.0005365527,1.010646e-07,-0.9297770000000001,0.48295509999999997,2.013599,0.20461400000000002,2.461096,1.7581589999999997e-05,15.0,2.4396877889133
6.42424,0.511684,0.001055187,1.237783e-07,-0.6576873000000001,4.994585,1.642737,0.36599770000000004,3.588113,1.8236470000000002e-05,22.0,2.449204750995947
6.42424,0.627232,0.001534304,3.650024e-08,-1.7263990000000002,3.376736,3.9935089999999995,0.4967153,2.345367,3.704615e-05,25.0,3.5473999150410522
6.42424,0.8369795,0.001099025,5.5755040000000005e-08,2.327884,1.670025,4.994015,0.7656506999999999,0.9979518,3.11293e-05,28.0,3.4376572916306265
6.50505,0.05655447,8.933540000000001e-05,2.980232e-08,-0.9516896999999999,5.284346,2.8199349999999996,0.01344919,4.770284999999999,2.01143e-05,0.0,2.5154737163402405
6.50505,0.12173239999999999,4.823238e-05,3.942477e-08,0.2435851,5.483192,2.9112430000000002,0.04247125,3.4676199999999997,4.461637e-05,9.0,3.9182554722282488
6.50505,0.248507,0.0009121952,6.664002e-08,-0.8732905999999999,0.27432540000000005,2.9247259999999997,0.1238763,3.523011,2.6664400000000002e-05,20.0,3.038316072364438
6.50505,0.40304320000000005,0.0001197738,2.1073419999999994e-08,-1.546003,0.25423520000000005,0.9934255,0.2558533,2.285374,4.4631450000000004e-05,26.0,3.9960865075124143
6.50505,0.5820523,0.0014738320000000002,2.5809570000000003e-08,-1.394729,3.3888339999999997,4.31527,0.44401779999999996,2.323318,1.642227e-05,32.0,2.094294282865743
6.50505,0.7714082,0.0018249129999999998,3.650024e-08,-0.1986935,5.318384,5.647453,0.6774879,0.5296041,2.294092e-05,24.0,2.7393517022329794
6.50505,1.0160209999999998,0.002676475,4.2146850000000005e-08,-1.978576,3.521072,3.243417,1.024035,1.7062259999999998,1.233835e-05,29.0,1.996277646456301
6.50505,1.295799,0.0002330542,8.940697e-08,2.837848,2.605543,5.889911,1.474958,0.4467223,8.732388e-06,25.0,1.5337042256671265
6.58586,0.07537730000000001,0.0001136067,5.771195e-08,-2.8006849999999996,1.844909,3.322143,0.02069449,4.277712999999999,2.841635e-05,0.0,3.137718428502053
6.58586,0.143776,0.0003486061,3.332001e-08,-2.171577,2.3623939999999997,0.09685161,0.05451534,6.189155,2.238617e-05,10.0,2.5732878210991768
6.58586,0.2398725,0.0003947696,1.490116e-08,1.140652,3.600828,3.22853,0.1174768,4.769447,3.592037e-05,15.0,3.557012235373122
6.58586,0.3962064,0.00019696630000000002,6.322026999999999e-08,-0.25049710000000003,1.313721,3.951055,0.24937559999999998,2.88793,3.742126e-05,20.0,3.5983120949257295
6.58586,0.5883547,0.0011925780000000001,5.771195e-08,1.228761,3.637464,0.6026258000000001,0.45125459999999995,2.021734,1.4910929999999999e-05,27.0,2.2430140319872063
6.58586,0.7029626,0.0006059387999999999,3.650024e-08,1.44208,0.717832,2.621781,0.589338,0.4624097,2.5871900000000002e-05,25.0,3.1219202094536618
6.58586,0.9851601999999999,0.0009202528,6.143905999999999e-08,-1.5262120000000001,1.46936,5.064665,0.9777777,5.119828,6.344797999999999e-06,17.0,1.3368868024670353
6.58586,1.167182,0.0002016413,3.942477e-08,-0.9234389000000001,2.837837,1.463724,1.260861,5.832336,1.6468039999999998e-05,28.0,2.1219365822291087
6.66667,0.06470342,0.0001476868,0.0,-1.798952,5.245191,0.5059774,0.01645838,3.342864,1.734331e-05,0.0,2.2443434496702555
6.66667,0.1178103,0.0003587398,9.541399e-08,2.9688220000000003,4.071437,2.137782,0.04043584,1.381413,2.19111e-05,7.0,2.7148093003491764
6.66667,0.17271,0.0001770766,7.598131e-08,2.669571,1.559887,6.045416,0.07177254,1.8163,2.1861190000000003e-05,14.0,2.5689282870879224
6.66667,0.2991659,0.0002408109,5.5755040000000005e-08,1.145183,5.640679,5.213333,0.1636216,4.710173999999999,4.507001e-05,19.0,3.8917525623713907
6.66667,0.41223279999999995,0.0003427485,4.2146850000000005e-08,0.390698,3.8712989999999996,1.600962,0.2646675,3.621833,2.0979070000000002e-05,13.0,2.504462470821921
6.66667,0.8042063,0.0006190887,2.980232e-08,-2.277434,5.944344,1.344357,0.7211266,3.9597279999999997,5.572805e-05,24.0,4.53971364245426
6.66667,1.035707,0.002297325,1.512303e-07,-1.348139,1.313123,5.112702,1.0539319999999999,5.143547,1.4252570000000001e-05,27.0,2.0094555198583386
6.74747,0.06123966,0.0005288998,0.000540646,1.6660669999999997,2.0073369999999997,0.5333478,0.01515452,3.1431270000000002,3.224578e-05,0.0,3.163228063423393
6.74747,0.1428684,0.0006652362,0.0005266441000000001,1.70907,1.70458,3.729658,0.05399983,0.3164215,2.250903e-05,12.0,2.6593837905668822
6.74747,0.2563891,0.0006274170999999999,0.0005139198,1.736276,0.8225053,0.3731906,0.12981610000000002,4.09657,4.102157999999999e-05,17.0,3.7231588340998503
6.74747,0.4227157999999999,0.001268058,0.0004907397,1.753398,1.309618,3.7893760000000003,0.27481350000000004,0.7280458000000001,3.9317759999999995e-05,22.0,3.5525009259323355
6.74747,0.6497406,0.002012547,0.000457824,1.8482349999999999,2.011167,1.0296049999999999,0.5237016999999999,3.4521559999999996,2.418681e-05,20.0,2.7736334108081486
6.74747,0.9274869000000001,0.004121123,0.0003447079,2.111809,1.987081,3.3932580000000003,0.8931392,5.572188,2.683453e-05,27.0,3.14792327399769
6.74747,1.8012150000000002,0.1976754,0.001990552,-2.126427,6.021251,5.569163,2.417196,2.048864,9.706564e-06,24.0,1.656276002545007
6.82828,0.08231168,0.1534387,0.06922569,-3.0343709999999997,0.618839,4.948456,0.0236149,1.374015,2.828282e-05,0.0,3.3327727102737716
6.82828,0.1619938,0.1422454,0.02304933,1.7387990000000002,2.886493,2.745531,0.06519814,4.149079,2.8221570000000002e-05,10.0,2.794212732349917
6.82828,0.2977366,0.09281653,0.02147594,2.647622,2.775544,5.234453,0.1624476,6.055207,4.189375e-05,18.0,3.619307334087247
6.82828,0.5978328,0.04686446,0.0025045429999999997,-0.9644349,4.501219,0.7015003000000001,0.4622147,3.4211400000000003,6.263566e-05,16.0,5.174117660571376
6.82828,0.9825995000000001,0.07063317,0.03038682,-0.33236609999999994,0.3090193,3.9855449999999997,0.9739183000000001,3.907171,3.364061e-05,27.0,3.2472114405586776
6.909089999999999,0.08114581,0.1772895,0.1403068,-2.592965,4.918684,0.6648935,0.02311484,4.282743,3.846916e-05,0.0,3.4017641691591702
6.909089999999999,0.18719349999999998,0.1590997,0.04826554,-1.499339,1.3551790000000001,5.0114529999999995,0.08098831,4.846514,2.5285549999999997e-05,11.0,2.950778867918447
6.909089999999999,0.4334825,0.09597357,0.02823653,-0.9642053,4.828936,0.8839033000000002,0.2853786,3.274901,0.00010143120000000001,18.0,6.045470146513489
6.909089999999999,1.372544,0.07334602,0.08073228,1.507189,1.08392,0.9529593000000001,1.607856,4.500083,3.033048e-05,27.0,2.8713784854089943
6.9899,0.06698742,0.0003635007,1.154239e-07,2.419991,4.303422,3.66035,0.01733745,3.220065,2.1209770000000003e-05,0.0,2.6984630969782777
6.9899,0.1208555,0.0006663014,9.657055999999999e-08,2.382778,5.289123,4.016516,0.042013699999999994,2.6284549999999998,1.9392760000000002e-05,7.0,2.3641325055455047
6.9899,0.17444949999999998,0.0004320099,5.1619140000000005e-08,1.7985360000000001,5.107723,1.3659940000000002,0.07286042,0.7435046,1.869522e-05,12.0,2.3118602983210383
6.9899,0.30513229999999997,0.00043690019999999995,7.300048e-08,1.417465,4.776959,0.8624523000000001,0.1685421,0.9519245999999999,5.0999490000000005e-05,15.0,4.4445425472307285
6.9899,0.46991409999999995,9.533207e-05,3.650024e-08,0.7763784,1.982045,5.092246,0.3221059,2.33396,2.2906570000000003e-05,23.0,2.590285389955036
6.9899,0.8216764000000001,0.0002500602,5.37269e-08,0.38325529999999997,2.918943,0.2483248,0.7447598000000001,3.2292680000000002,2.788039e-05,25.0,2.8487613192363135
6.9899,1.2291969999999999,0.0001607542,1.163818e-07,0.43350420000000006,1.845379,6.105775,1.3626790000000002,3.826688,1.625689e-05,27.0,2.1223693473776866
7.070710000000001,0.06890966,0.1992155,0.1061097,-2.0609029999999997,4.162065,5.702563,0.01808905,3.457486,1.9983270000000004e-05,0.0,2.4790716482008186
7.070710000000001,0.1515523,0.06292564,0.03180102,-1.199298,2.871697,1.6489349999999998,0.05899712,6.256517,3.988963e-05,8.0,3.7653059964405977
7.070710000000001,0.31382020000000005,0.07254565,0.0036671509999999996,-1.5622049999999998,0.7219626,0.7114606,0.1757925,1.696511,3.660317e-05,16.0,3.373025057292447
7.070710000000001,0.5486135,0.02779628,0.05792644,2.356281,4.574199,1.0942610000000002,0.40631809999999996,0.4717696,5.829607e-05,22.0,4.4520337034976745
7.070710000000001,1.020857,0.10305919999999999,0.06012792,-0.385626,2.47112,3.743965,1.0313510000000001,1.860134,3.2964549999999996e-05,27.0,3.4333235672223017
7.15152,0.05711414,0.0005656143,9.541399e-08,0.45931530000000004,6.190539,6.143011,0.01364932,5.775793,1.9946229999999998e-05,0.0,2.4239679124422144
7.15152,0.09903318,0.00033948660000000005,5.5755040000000005e-08,1.0933629999999999,5.696829,3.3429510000000002,0.03116476,2.836148,1.3578829999999998e-05,9.0,1.963067534625342
7.15152,0.1361444,0.0007254102000000001,0.0,-1.1919799999999998,2.986154,1.431633,0.05023308,5.920129,1.195904e-05,11.0,1.9645399450056802
7.15152,0.2197498,0.0001919934,8.161702e-08,-2.239564,4.174780999999999,5.132011,0.10300930000000001,3.196773,2.808548e-05,16.0,3.1280196076310096
7.15152,0.32424509999999995,0.00023706630000000002,4.9421559999999996e-08,-0.9772268,4.381377,2.5817349999999997,0.1846244,5.4604230000000005,2.327027e-05,21.0,2.6100442943896938
7.15152,0.45813279999999995,0.0006602128,8.161702e-08,0.4895985,5.238951,3.7519940000000003,0.31007140000000005,4.305416999999999,1.935332e-05,24.0,2.3497630880193676
7.15152,0.5595643,0.0006508911,6.495266e-08,0.46837340000000005,3.315368,5.891922,0.4185475,2.109298,2.34113e-05,26.0,2.4835307113439393
7.15152,0.7553684,0.000474645,6.82857e-08,3.081666,2.996265,3.7184129999999995,0.6564501,3.922998,2.8658059999999996e-05,28.0,2.8264897131243227
7.15152,0.9244485999999998,0.0016524679999999998,2.5809570000000003e-08,0.20400020000000002,2.547601,2.8155259999999998,0.888759,0.06413640000000001,1.67882e-05,30.0,2.1673274220198055
7.23232,0.04134359,0.009273234,4.470348000000001e-08,-2.615586,2.277914,1.801811,0.00840643,2.1550130000000003,3.333177e-06,0.0,1.0270759363067588
7.23232,0.04944733,0.006709035,5.5755040000000005e-08,-2.42698,4.033069,1.9532040000000002,0.01099543,0.3517163,5.740303e-06,2.0,1.227190356902217
7.23232,0.06541386,0.007822655,8.024521e-08,-2.440846,3.234011,4.165394999999999,0.01673018,3.3686879999999997,9.388789e-06,5.0,1.5362819192971786
7.23232,0.08733669999999999,0.003376723,9.185692999999998e-08,2.257404,4.623944,0.6458245,0.02580998,0.04798512,2.906579e-06,10.0,0.9862897776399258
7.23232,0.09963259,0.004107538,4.2146850000000005e-08,1.8021150000000001,4.077073,0.20930210000000002,0.03144817,0.6180473000000001,1.268606e-05,9.0,1.836118601796013
7.23232,0.1362932,0.005972633000000001,2.1073419999999994e-08,1.416902,4.506241,6.162165,0.05031544,0.24187089999999997,1.258687e-05,14.0,1.7982606036282034
7.23232,0.1925139,0.0037598159999999996,3.650024e-08,1.928552,0.05342694,4.7004790000000005,0.08446557,2.721575,1.495755e-05,16.0,1.964250754361759
7.23232,0.2371331,0.004795687,4.712161e-08,0.3907383,0.7332721,2.326537,0.11547080000000001,1.211494,1.239696e-05,20.0,1.891968537646862
7.23232,0.3134033,0.003487905,0.0,-1.252408,2.196752,6.118194,0.17544229999999997,5.167592,2.298931e-05,22.0,2.678929894157405
7.23232,0.40396770000000004,0.01001439,4.9421559999999996e-08,0.9107091999999999,5.827483,1.9778380000000002,0.256742,1.5428469999999999,9.129398e-06,25.0,1.587252518007182
7.23232,0.5015626,0.003252492,3.942477e-08,0.1607024,4.437091000000001,6.268078,0.3551849,1.676754,2.319636e-05,27.0,2.841078712726926
7.23232,0.6619665,0.004402588,6.495266e-08,-1.573293,2.483996,3.7595629999999995,0.5385498000000001,2.851388,2.3493070000000002e-05,26.0,2.573471176741985
7.23232,0.7853595,0.006099172,3.650024e-08,1.156568,4.033564,1.021392,0.6959312,2.124843,1.4966029999999999e-05,30.0,2.033067377802344
7.23232,0.9157105,0.00127227,1.490116e-08,0.2932969,5.223257,3.264071,0.8761878000000001,4.028729,1.668168e-05,31.0,2.305779484552124
7.31313,0.06036792,0.1506118,0.121695,-2.680843,1.5697219999999998,3.695336,0.01483218,4.505775,2.052862e-05,0.0,2.3012656853497466
7.31313,0.1434869,0.05670945,0.07971326,1.440312,3.7690949999999996,4.821529,0.05435064,5.849422,4.317228e-05,9.0,3.933769221787936
7.31313,0.30210529999999997,0.02504785,0.1186329,-2.341014,3.81336,5.244139,0.1660416,3.743004,3.089333e-05,19.0,3.20093828724351
7.31313,0.44142650000000005,0.05463272,0.07188531,0.6591449,1.563906,1.843905,0.2932631,5.860879,4.4428859999999995e-05,21.0,4.053729582923583
7.31313,1.010931,0.09031086,0.02101668,-1.457085,3.6695519999999995,3.5524129999999996,1.01635,1.519461,4.1890730000000004e-05,24.0,4.027248668850424
7.39394,0.05733697,0.1024063,0.3508397,-1.333197,3.243007,1.1875069999999999,0.0137293,5.411721,1.751574e-05,0.0,2.1908829684544373
7.39394,0.1079575,0.2359491,0.1041543,0.5544085,5.910480000000001,0.7904751999999999,0.03547079,0.9560171999999999,2.048298e-05,8.0,2.5217231665016335
7.39394,0.2008317,0.08971685,0.04887078,2.731919,4.728267,1.488269,0.08999778,0.3727164,3.895095e-05,14.0,3.7595070541437683
7.39394,0.4775363,0.08711539,0.07732403,-1.881125,5.496002,2.069652,0.329971,4.56418,7.87964e-05,21.0,5.4661174070094205
7.39394,0.9592993000000001,0.09622333,0.1702214,2.1764419999999998,5.918196,2.129053,0.9394955,0.3853526,1.233761e-05,26.0,1.747715925484107
7.39394,1.677098,0.17180789999999999,0.2187897,0.9184764000000001,5.397869,3.949839,2.171691,3.709789,1.3694389999999998e-05,27.0,1.8277295311751116
7.47475,0.06597860000000001,0.1155815,0.047524800000000006,-1.126724,5.991096,5.025067,0.01694727,0.20377179999999998,2.196601e-05,0.0,2.6323789326009592
7.47475,0.12429739999999999,0.007164824,0.02731602,1.923239,6.16153,4.6613809999999996,0.04382113,2.8637479999999997,2.21038e-05,9.0,2.6140441268684245
7.47475,0.2122935,0.0717318,0.04714185,-2.8074529999999998,6.218046,0.9812065000000001,0.09781186,3.7661290000000003,1.792569e-05,13.0,2.416250898320671
7.47475,0.3033348,0.04568449,0.01710429,-2.595437,5.546478,4.406529,0.16705710000000001,1.546724,2.3559179999999998e-05,15.0,2.759507672560617
7.47475,0.4525872,0.0225729,0.03056498,1.8850639999999999,3.05057,1.811162,0.30445890000000003,3.1579610000000002,2.79875e-05,20.0,2.7757224148088646
7.47475,0.6587203,0.06579616,0.01674391,-0.2433366,1.610801,3.933857,0.5345866,2.633297,4.055607e-05,24.0,3.4521658743502406
7.47475,0.9143985,0.03789743,0.015218200000000001,-0.6949206,3.5784239999999996,0.8489546,0.8743124,4.182303,1.435229e-05,26.0,2.075333880276548
7.555560000000001,0.09080865,0.16883900000000002,0.10751760000000002,1.875591,2.792393,5.91772,0.02736419,1.586427,3.793589e-05,0.0,3.6065378230346354
7.555560000000001,0.2088152,0.1663078,0.206596,0.4030249,2.24246,5.499256,0.09541746,2.932343,3.3130679999999996e-05,12.0,3.3855239555367245
7.555560000000001,0.39364899999999997,0.07782065,0.04308437,0.6785774,5.9671769999999995,2.74593,0.2469619,2.483144,3.9089359999999996e-05,18.0,3.7187813013820836
7.555560000000001,0.7228538000000001,0.1364338,0.02231171,0.4163122,3.573895,0.8637911,0.6145401999999999,3.153234,4.603595e-05,16.0,3.880893692844299
7.555560000000001,1.558676,0.09560788,0.3216187,-2.449832,0.9679,2.1743080000000004,1.9457950000000002,3.5711169999999997,1.3429929999999999e-05,23.0,1.9063580959167248
7.636360000000001,0.06571417,0.1146268,0.09538261,1.945586,5.2627489999999995,2.065438,0.01684535,1.360042,3.8894670000000003e-05,0.0,3.5986305435149903
7.636360000000001,0.1880605,0.05986857,0.15111010000000002,-3.01743,3.870878,5.181159,0.08155126,4.219966,3.314185e-05,15.0,3.470879968522162
7.636360000000001,0.41587399999999997,0.08105617,0.0767308,-1.848843,2.461982,3.7561730000000004,0.2681716,3.1428220000000002,6.574567e-05,20.0,5.145776843657283
7.636360000000001,1.057102,0.1205633,0.0864703,0.6367731,0.1898924,3.4619779999999998,1.0867639999999998,2.738394,4.766095e-05,28.0,4.127235897714755
7.717169999999999,0.08506332,0.06740023,0.107123,-1.69905,5.932675,1.466518,0.02480857,3.4703800000000005,5.428494000000001e-05,0.0,4.509344858301302
7.717169999999999,0.3165765,0.03346816,0.1373271,1.089312,0.1972046,1.1288790000000002,0.1781117,6.114587,6.320523e-05,16.0,4.8921115601420375
7.717169999999999,1.034721,0.06328677,0.0647519,-2.226987,0.02991624,3.822458,1.052442,5.983832,5.070612e-05,22.0,4.192918709284657
7.79798,0.11223499999999999,0.06122707,0.1598388,-2.582442,0.466843,5.357398,0.03759882,1.306545,8.268108e-05,0.0,6.084272315974097
7.79798,0.5225287000000001,0.06796185,0.0279942,1.3658370000000002,6.085368,1.675918,0.3776915,0.5792246999999999,4.630181e-05,20.0,4.1742553210467195
7.79798,0.9170056000000001,0.1882546,0.17641379999999998,0.4286823,5.055389,2.539356,0.8780565999999999,3.2787349999999997,2.415752e-05,24.0,2.823651918344784
7.79798,1.6549669999999999,0.1895703,0.01899322,-1.9026720000000001,3.829243,5.658517,2.128893,3.5566459999999998,1.030675e-05,23.0,1.643734524916173
7.8787899999999995,0.07553141,0.13727620000000001,0.10823599999999998,0.8038390000000001,2.160073,5.8722959999999995,0.02075791,2.9626900000000003,3.581684e-05,0.0,3.264134815281335
7.8787899999999995,0.19112520000000002,0.112371,0.1398439,-2.043646,0.4042903,0.6934137,0.08355326,2.4804169999999996,2.6131260000000002e-05,13.0,2.96376819486432
7.8787899999999995,0.3266605,0.07813862,0.1202288,2.267099,2.369929,2.16193,0.1866921,3.718496,2.6229309999999997e-05,18.0,3.046910554103363
7.8787899999999995,0.5019529,0.02256176,0.02393838,-0.1292636,3.133179,1.027592,0.35560159999999996,4.265866,5.2979669999999995e-05,20.0,3.953767506393599
7.8787899999999995,0.8873133,0.06113795,0.06946087,-1.110018,4.6608529999999995,5.145298,0.8357535,1.7161830000000002,1.710965e-05,27.0,2.223608218770787
7.8787899999999995,1.403817,0.06746805,0.02882443,2.1381580000000002,2.150489,2.064002,1.663154,3.9568449999999995,1.3566020000000002e-05,25.0,1.9805461479003128
7.9596,0.06563659,0.07660748,0.06039911,0.9551940999999999,3.7799739999999997,1.045009,0.01681575,2.666805,1.22377e-05,0.0,1.791511705315585
7.9596,0.12321700000000001,0.08257459,0.041484,1.001576,3.6350910000000005,0.5121995,0.04325112,2.288321,2.646212e-05,5.0,2.823443479426719
7.9596,0.2231154,0.04456485,0.01189048,2.879591,2.6032919999999997,4.444661,0.10538550000000001,5.166028,2.3432929999999996e-05,12.0,2.806239105882436
7.9596,0.3203571,0.08084051,0.03506156,0.4402713,3.74245,5.637704,0.1813154,1.616767,1.531799e-05,16.0,2.0900971259523944
7.9596,0.42351300000000003,0.04542947,0.04446112,-2.57059,4.0315010000000004,5.055886,0.27560009999999996,3.557124,1.862938e-05,18.0,2.4273306224071627
7.9596,0.5982392,0.04114611,0.03485326,-0.9216040999999999,0.23220149999999998,3.040007,0.462683,3.685664,3.644828e-05,20.0,3.412199936500252
7.9596,0.903442,0.01611858,0.02426009,2.520564,5.003647,3.883368,0.8586469000000001,2.657507,3.2217429999999996e-05,23.0,3.4308237075062724
8.0404,0.06693061,0.1282602,0.04497774,2.963775,0.3747449,4.1242980000000005,0.01731546,0.9888659,1.4931199999999999e-05,0.0,2.0883308020976155
8.0404,0.1288611,0.02619706,0.03949377,-0.21425100000000002,3.18948,0.13753270000000004,0.04625668,3.4302870000000003,2.3054459999999998e-05,6.0,2.596984677185432
8.0404,0.21323289999999998,0.0648249,0.03352616,0.45765159999999994,5.7088209999999995,0.8995529000000001,0.09846183,1.1311360000000001,2.440624e-05,12.0,2.754574502878351
8.0404,0.31081179999999997,0.06853982,0.09075146,2.618603,4.299243,3.5555470000000002,0.1732725,2.948571,1.3733110000000001e-05,15.0,1.9313713044633465
8.0404,0.4951347,0.01827346,0.01062457,-1.9032790000000002,3.9322199999999996,5.5923169999999995,0.3483852,3.548721,4.100747e-05,18.0,3.8745298388847145
8.0404,0.748008,0.01849392,0.02591727,-0.1778951,1.2039030000000002,5.675686,0.6468861,4.612824,2.8315390000000003e-05,22.0,3.067268234759177
8.0404,0.9344329,0.02274112,0.02564713,-2.9764630000000003,4.167193,2.511422,0.9032062,1.365056,1.687994e-05,24.0,2.1087302020600602
8.121210000000001,0.06759567,0.1373611,0.06951053,-0.7606512,1.5895489999999999,0.2588241,0.01757411,5.540865,2.270194e-05,0.0,2.5268579138624023
8.121210000000001,0.161105,0.09605810000000001,0.04941213,-1.5142639999999998,3.056509,3.26315,0.06466222,1.9064400000000001,3.732812e-05,9.0,3.4444491641362722
8.121210000000001,0.2915997,0.09056155,0.14148270000000002,-0.8487825000000001,0.8921931000000001,0.8296245000000001,0.1574575,0.9250403,1.898693e-05,11.0,2.3536451277041817
8.121210000000001,0.3850342,0.12993949999999999,0.14080770000000004,2.370453,4.202489,3.281042,0.23890100000000003,3.024785,1.777201e-05,19.0,2.349015154711273
8.121210000000001,0.6746804,0.06981952,0.03440641,0.8854639999999999,0.21742979999999998,3.3538930000000002,0.5541406999999999,2.3537209999999997,4.588517e-05,17.0,3.9145865611607973
8.121210000000001,1.0135,0.03362921,0.06136796,3.1152990000000003,4.503423000000001,1.016535,1.020238,5.942216,1.632471e-05,25.0,2.296452201854181
8.20202,0.06128776,0.0792662,0.00904043,-1.022429,0.02299474,2.893234,0.01517253,3.7919739999999997,1.1461630000000001e-05,0.0,1.9038967179672337
8.20202,0.11300070000000001,0.04349745,0.0077027680000000005,1.696463,5.867275,0.5813093,0.03798514,5.525555000000001,2.487545e-05,5.0,2.706744000175963
8.20202,0.2238766,0.02665791,0.00744507,-0.49240059999999997,0.08220676,4.03108,0.1059251,4.390382,2.901889e-05,12.0,3.086028739302809
8.20202,0.37947240000000004,0.01445589,0.0021369320000000002,2.4115349999999998,5.673482,0.13955120000000001,0.23374940000000002,4.5921650000000005,2.629687e-05,17.0,2.8167589256620857
8.20202,0.552675,0.02824899,0.003456634,-2.774909,4.325069999999999,3.534616,0.4108446,2.035441,3.3653159999999995e-05,19.0,3.499929149267219
8.20202,0.8454311,0.01893954,0.0006080139,0.8948474000000001,4.2975330000000005,3.115817,0.7772906999999999,4.1738669999999995,3.0767790000000006e-05,23.0,3.0281538720504706
8.28283,0.1020674,0.1387823,0.09269964,-0.5565449,2.739097,2.315605,0.03260772,0.17742650000000001,4.5655959999999995e-05,0.0,4.092374779553474
8.28283,0.3277349,0.08760023,0.09764213,2.5490880000000002,3.038737,0.9791489,0.1876114,1.8459709999999998,5.097938e-05,14.0,4.096789488253364
8.28283,0.5637597,0.05456613,0.1133274,-0.8515493000000001,1.3254110000000001,2.710355,0.42327950000000003,2.3187580000000003,1.807146e-05,13.0,2.331263643145224
8.28283,0.9677674,0.1470234,0.007655394,0.9316402,5.970878,0.4374175,0.9519663,6.036512,4.6261720000000006e-05,21.0,3.86070877773845
8.36364,0.07354813,0.01062158,2.9203049999999998e-05,0.5914973000000001,5.487507,2.685807,0.01994592,2.895209,1.545024e-05,0.0,2.1273347256260533
8.36364,0.1342997,0.05852101,3.140178e-05,-3.083723,0.5711215999999999,2.913891,0.04921573,5.333739,2.441163e-05,6.0,2.9877698082261848
8.36364,0.22857039999999998,0.04528485,1.4412020000000002e-05,1.59467,5.004011,3.049659,0.10927449999999998,2.768268,1.133877e-05,12.0,1.6754715687487913
8.36364,0.2999824,0.05342453,2.39311e-06,2.803599,3.833293,5.574075,0.1642963,5.124031,2.156522e-05,14.0,2.615627574071736
8.36364,0.44078500000000004,0.02165182,1.929626e-05,-3.0365729999999997,4.683852,5.34622,0.2926295,3.6765529999999997,2.9306700000000002e-05,17.0,3.0769768430265687
8.36364,0.6475741,0.04937627,4.199941e-05,-0.7520456999999999,2.958756,2.35683,0.5210825,0.1658454,2.5747440000000003e-05,20.0,2.750340626188691
8.36364,0.9070292999999999,0.02159746,1.589845e-05,1.7304549999999999,3.424114,1.601489,0.863768,2.7469639999999997,3.278622e-05,22.0,3.475022637748009
8.44444,0.15042729999999999,0.08536097,0.10218780000000001,-0.4920308,5.168612,5.203627,0.05834109999999999,0.6214583,6.46182e-05,3.0,5.139468690796953
8.44444,0.5212127000000001,0.0469329,0.01915103,-2.657443,5.6024910000000006,6.256536,0.3762601,3.2964870000000004,6.721273e-05,18.0,5.269379611461215
8.44444,1.8088259999999998,0.2487958,0.09131978,2.357752,1.0891469999999999,1.178891,2.432627,3.702489,1.926126e-05,17.0,2.524097705049593
8.52525,0.07889952,0.17470629999999998,0.1123553,1.934973,0.34466690000000005,0.6187244000000001,0.02216164,4.287338,4.419638e-05,0.0,4.029214458586759
8.52525,0.28927129999999995,0.02712947,0.02577208,-2.53647,1.844387,3.935656,0.1555746,4.573855,4.5600079999999996e-05,15.0,3.7933975937023923
8.52525,0.4519268,0.05925876,0.07779604,-1.6797380000000002,2.6644259999999997,6.010726,0.303792,4.910925,2.8778579999999998e-05,20.0,3.1329005880711573
8.52525,1.0073370000000001,0.1392118,0.029463299999999998,0.4543379,2.445059,3.9544349999999997,1.010944,1.316835,4.434946e-05,23.0,3.8395265447732774
8.606060000000001,0.04741502,0.06333626,0.09976245,0.43416720000000003,1.973486,1.57282,0.01032457,5.3493699999999995,9.366651e-06,0.0,1.6024829546681425
8.606060000000001,0.09557710000000001,0.1166531,0.03879767,-2.3647080000000003,1.1119430000000001,0.4248424,0.02954763,1.904084,2.826739e-05,5.0,2.971519577193469
8.606060000000001,0.21993070000000003,0.0615232,0.0044848679999999995,-2.265156,4.848452,3.880268,0.1031367,1.4176549999999999,3.5218779999999994e-05,14.0,3.3320454826999
8.606060000000001,0.3812336,0.09615048,0.01519275,0.8655079,0.9431316999999999,5.561632,0.23537870000000002,3.6526949999999996,1.720898e-05,20.0,2.1868786252142822
8.606060000000001,0.5842864000000001,0.06032639,0.009758626999999999,-0.7102014,1.126298,5.383012,0.44658909999999996,4.848173,5.041144e-05,22.0,4.096582027526272
8.606060000000001,1.162693,0.12232380000000001,0.02839424,2.2813220000000003,2.31307,4.501158,1.253614,6.163124,1.435476e-05,25.0,1.9927448863452273
8.686869999999999,0.06709842,0.0716217,0.03109441,-0.19947020000000001,5.946191000000001,5.781933,0.01738062,0.04074827,1.4692039999999999e-05,0.0,1.9438614311244184
8.686869999999999,0.1158344,0.02889294,0.03203515,-1.237472,0.7096374,0.03679152,0.03942301,0.5965140999999999,1.4284520000000002e-05,6.0,1.9289708070165599
8.686869999999999,0.16628339999999997,0.01232418,0.03520639,1.0661559999999999,2.214597,3.7476629999999997,0.06780533,0.47815920000000006,1.43943e-05,10.0,2.1547760250740984
8.686869999999999,0.264239,0.01229351,0.01142973,0.3147609,5.546521,3.504671,0.13582560000000002,3.9093839999999997,1.9031500000000002e-05,13.0,2.3737147846331306
8.686869999999999,0.3389864,0.025758499999999997,0.03750486,-2.822345,5.439241,3.155652,0.19735870000000003,0.5659344000000001,1.6285770000000004e-05,16.0,1.9824201709597689
8.686869999999999,0.4781968,0.04617622,0.02590904,1.24536,3.6290769999999997,0.4007139,0.3306652,1.897874,2.022921e-05,18.0,2.440130788593107
8.686869999999999,0.6302909999999999,0.01286202,0.01848781,2.091711,1.683456,1.693502,0.5003622999999999,4.179258,2.5516079999999996e-05,20.0,2.7743787449924313
8.686869999999999,0.9007084000000001,0.01625153,0.01939567,-1.512065,0.3661509,5.877774,0.854756,0.7627626999999999,3.2754970000000005e-05,22.0,3.258116252541406
8.76768,0.08239257,0.04098665,0.04366626,-0.7785274,5.7113510000000005,0.7860517,0.023649700000000003,2.203718,2.9701770000000002e-05,0.0,2.941241294075081
8.76768,0.21348040000000001,0.04036016,0.02965842,-1.4243219999999999,0.6094996,3.801342,0.09863351,4.53629,2.7403150000000002e-05,10.0,2.8653131567116676
8.76768,0.3589643,0.05396017,0.05947313,2.110577,4.886833,3.2008389999999998,0.21505460000000004,2.548968,4.089756e-05,16.0,3.855415747387857
8.76768,0.7051616999999999,0.02690182,0.02147186,-1.8336919999999999,2.869063,5.643794000000001,0.5921255,4.555122,3.1580229999999995e-05,15.0,3.1667943206046796
8.76768,1.051692,0.12337100000000001,0.03497177,-0.1123993,0.6385223000000001,0.3834348,1.078453,6.099156,1.625596e-05,22.0,2.2255686124298304
8.84848,0.06461828,0.06109594,0.001365584,1.8402,4.463104,5.482216,0.01642599,5.367909,7.007608e-06,0.0,1.2916851727145202
8.84848,0.09195266,0.07697248,0.0005595794000000001,-1.310497,2.879188,0.7889081,0.02788318,5.387497,1.2197910000000001e-05,3.0,1.9450248813878364
8.84848,0.1325991,0.09020176,0.0009647641,1.235349,1.450256,2.041803,0.04828418,5.520694000000001,8.128846e-06,7.0,1.4510675886879558
8.84848,0.17762379999999997,0.03136142,0.0002483862,2.291537,4.280298999999999,4.806187,0.07485876,4.456501,1.4162839999999999e-05,8.0,2.073095788730324
8.84848,0.23796810000000002,0.01746164,0.00106047,2.781355,5.373348,0.7292834,0.11608239999999999,5.108901,1.223234e-05,12.0,1.7564534329023138
8.84848,0.3073422,0.03728984,0.0003777636,-1.77177,3.0863400000000003,1.207596,0.1703799,6.167863,1.4963829999999998e-05,14.0,2.140312829407814
8.84848,0.4456023,0.01287986,0.0003276894,0.670948,5.667682,4.416679,0.2974403,4.337182,2.952917e-05,16.0,3.2668234919432004
8.84848,0.681971,0.02704009,0.000237766,-0.4107843,2.363802,4.849108,0.5631470000000001,2.908816,2.635417e-05,19.0,2.973196116409664
8.84848,0.8581861,0.02145544,0.0004071623,-2.0606,2.63766,2.063822,0.7949535,1.5296040000000002,1.5900439999999997e-05,21.0,2.2134955759928885
8.92929,0.07271712,0.06990519,0.07655101,-1.271133,3.85305,2.627942,0.01960863,0.05307007,3.582989e-05,0.0,3.5491715369632626
8.92929,0.2084212,0.07104082,0.08773558,-1.839506,0.04474629,2.254692,0.09514757,3.9434760000000004,3.4147290000000004e-05,13.0,3.3507836883962616
8.92929,0.5759828,0.06139635,0.02008812,-0.3501551,1.946175,2.239913,0.43710200000000005,0.7223333000000001,7.504147e-05,16.0,5.261169937096163
8.92929,1.548282,0.18369520000000003,0.15736889999999998,1.94022,3.096516,5.457168,1.926375,0.608472,1.34726e-05,23.0,2.078278260290186
9.0101,0.34800349999999997,0.1015891,0.05181608,2.3533720000000002,6.175324,4.241203,0.20528110000000002,2.170688,8.628514000000001e-05,10.0,6.13677846070355
9.0101,1.6799970000000002,0.1791546,0.3690549,-0.6295767,1.72692,5.78477,2.1773759999999998,4.338430000000001,1.35497e-05,20.0,1.974293684014662
9.0101,3.713276,0.5822918,0.09320012,2.852775,6.125527,1.901111,7.154883,4.270052,1.762844e-05,22.0,2.319704002164838
9.090910000000001,0.06908741,0.3401054,0.4369761,0.6230477,2.487343,0.7299414000000001,0.01815911,3.551449,1.769444e-05,0.0,2.152670513997438
9.090910000000001,0.18721729999999998,0.16192939999999997,0.19564120000000002,1.255364,3.8816269999999995,5.300602,0.08100362,0.22930830000000002,4.8957650000000004e-05,7.0,4.1851596889202245
9.090910000000001,0.34022490000000005,0.07952909,0.1566013,0.905625,0.9293909,4.438118,0.1984375,2.678172,4.984869000000001e-05,12.0,3.974027332615102
9.090910000000001,1.415827,0.4168505,0.4352637,-2.738206,5.876123000000001,4.054026,1.684548,1.759971,1.6725739999999998e-05,22.0,2.210790073519327
9.090910000000001,3.713436,0.5208528,0.2719503,-1.311602,5.024171,6.108207,7.155433,2.858397,1.288094e-05,20.0,1.8370136679796176
9.17172,0.08695706,0.19056979999999998,0.2034451,0.2776058,2.1995240000000003,3.918279,0.02564188,1.821662,3.427051e-05,0.0,3.369816974742684
9.17172,0.28558649999999997,0.1504427,0.22000219999999998,-2.155597,1.356387,2.098401,0.1526116,2.958989,5.318916e-05,11.0,4.43145965037895
9.17172,0.5964169,0.1783347,0.1328509,1.035973,0.23552929999999997,5.259892,0.46056579999999997,3.757717,3.335577e-05,21.0,3.5423912702080527
9.17172,1.2512969999999999,0.1448055,0.04781873,1.71933,5.265582,2.68269,1.399634,2.2261759999999997,3.2098990000000005e-05,17.0,3.0917720390927457
9.25253,0.07465597,0.26628979999999997,0.1383426,0.737366,4.797098,2.056877,0.02039812,2.938616,3.079991e-05,0.0,2.9417319813563703
9.25253,0.201749,0.04974836,0.1284892,2.5510759999999997,1.540074,2.0761939999999997,0.09061592,4.180839,2.7467259999999998e-05,11.0,2.954884646669689
9.25253,0.4017934,0.07262809,0.07881089999999999,-0.9465943000000001,5.277156,2.881908,0.2546679,4.689259,3.9574e-05,17.0,3.582286819403869
9.25253,0.7487394,0.09365856,0.07375087,1.102925,2.522766,3.4138629999999996,0.6478503999999999,6.026929,3.995536e-05,16.0,3.8059952333412514
9.25253,1.316184,0.1602139,0.1952132,-2.238355,5.070268,0.13490560000000001,1.509878,3.46982,1.3304560000000002e-05,21.0,2.069786899040782
9.33333,0.05188381,0.08100666,0.004058105,0.8326667999999999,6.102746,4.7450019999999995,0.01181806,3.9685370000000004,7.995568e-06,0.0,1.392652877063376
9.33333,0.09026269,0.02205492,0.0007296538000000001,-1.49807,2.9618580000000003,6.089926,0.02711795,4.58231,1.776106e-05,4.0,2.36174288758052
9.33333,0.1605695,0.07899886,0.001025814,-0.203629,1.9668860000000001,3.976699,0.0643406,2.332559,1.8218729999999998e-05,10.0,2.3332251496846528
9.33333,0.23442770000000002,0.04816457,0.00284529,-1.6904560000000002,4.603089,5.181458,0.11350139999999999,2.339811,1.214826e-05,14.0,1.7955081995628541
9.33333,0.31196,0.03242604,0.000595954,-0.07313528,0.16031120000000001,4.704729,0.174234,4.553283,1.501058e-05,16.0,2.188869086124916
9.33333,0.4513242,0.04420395,0.0003860911,-2.745704,3.779689,5.688129,0.3031873,4.566282,3.006374e-05,18.0,3.0157323644952796
9.33333,0.7080568,0.03008092,0.0007949614,2.315583,1.068651,0.5055317,0.5957640000000001,3.389397,2.7283040000000002e-05,21.0,2.947285776362066
9.33333,0.9505395000000001,0.02732703,0.00046459120000000005,0.9452155000000001,4.24431,0.0032473309999999996,0.9266671000000001,1.146287,1.665086e-05,23.0,2.132686814661395
9.41414,0.06610286,0.05368698,0.00033243309999999996,-0.522467,6.163919,1.2654370000000001,0.01699528,2.006167,9.488560000000002e-06,0.0,1.590819044420953
9.41414,0.1018953,0.11065719999999998,0.0001437861,-0.8038345,5.477854,5.436183,0.03252567,0.9310663,1.3130929999999999e-05,4.0,2.0049661011426108
9.41414,0.16980150000000002,0.05441993,0.0001106913,2.0323580000000003,1.7823639999999998,5.8661449999999995,0.06996864,2.1448490000000002,1.885027e-05,8.0,2.319826274395747
9.41414,0.24768089999999998,0.07121210000000001,1.696402e-05,-1.466864,3.313725,1.1743700000000001,0.12326140000000001,5.5155,1.2638620000000001e-05,12.0,1.8268367701099182
9.41414,0.3627257,0.01868924,8.590865e-05,-3.023936,4.9769559999999995,4.053385,0.2184491,2.1322419999999997,2.49784e-05,14.0,2.821892101691441
9.41414,0.5241234,0.04545414,0.000113811,2.9776689999999997,5.794042,3.609948,0.379427,1.2052770000000002,2.233059e-05,17.0,2.7102386735700326
9.41414,0.6866946999999999,0.03395529,0.0003168781,-1.019681,0.9381514000000001,0.9600069999999999,0.5690015,1.1014030000000001,1.542413e-05,20.0,2.118594511253999
9.41414,0.9392325999999999,0.01254646,0.0001156468,1.464464,5.898896,3.255624,0.9101877,2.195909,3.12249e-05,19.0,3.0857265071055267
9.49495,0.05409554,0.02395948,0.01964976,1.517374,2.533661,3.2595110000000003,0.01258173,5.4568449999999995,8.243263e-06,0.0,1.3912805356716595
9.49495,0.08489429999999999,0.06899024,0.02427179,0.6711609000000001,2.0821520000000002,4.82043,0.02473509,2.183395,1.127058e-05,4.0,1.7952281598199074
9.49495,0.1258454,0.02198494,0.04433579,-0.7963884,5.791302,3.3597330000000003,0.0446426,4.604218,1.179738e-05,8.0,1.8739314458142955
9.49495,0.1797776,0.02747718,0.03802897,-1.314556,0.5583376999999999,3.9600169999999997,0.07622427,4.661302,1.4696310000000001e-05,10.0,2.0954991821719275
9.49495,0.2867437,0.03741762,0.02071481,-2.35848,4.309648999999999,5.1370309999999995,0.1535417,3.182697,2.0575830000000003e-05,14.0,2.5640886820706417
9.49495,0.4330713,0.03133847,0.00927572,-1.9172490000000002,0.4050646,2.0657799999999997,0.2849826,3.5523860000000003,2.895183e-05,17.0,3.0281229002626553
9.49495,0.6730373000000001,0.02943894,0.02174242,1.9972619999999999,1.292278,4.433696,0.5521184,1.198558,2.630901e-05,20.0,2.829652578335993
9.49495,0.8842496,0.05620893,0.015732,0.8251681000000001,5.932814,5.4946779999999995,0.8314428,4.910629,1.6071179999999998e-05,22.0,2.119770865294993
9.57576,0.04618508,0.376449,0.09648704,-0.7043226,3.201782,5.364674,0.009925477,3.0069369999999997,5.625161000000001e-06,0.0,1.2312348738438181
9.57576,0.08324159,0.1460982,0.06692039,-0.06433602,2.717834,1.308543,0.02401624,4.645586,1.9610379999999996e-05,3.0,2.4391671773958947
9.57576,0.1824558,0.09050777,0.08867466,-2.428445,4.352395,0.05218856,0.07793356,4.244930999999999,3.014119e-05,10.0,3.3142690202322953
9.57576,0.39048109999999997,0.07054869999999999,0.025033700000000002,1.205458,0.8406541,1.438316,0.2439933,5.5886569999999995,4.6919120000000004e-05,16.0,3.9508380172857143
9.57576,0.7400454000000001,0.0915635,0.02755771,2.005143,5.563989,0.6771581,0.6365898,5.559129,2.6177649999999998e-05,20.0,3.0268416826452618
9.57576,1.144986,0.1144537,0.03154737,-0.7939651999999999,3.0303150000000003,0.6167183,1.225093,4.43842,1.703181e-05,23.0,2.277624193261838
9.65657,0.06823765,0.12997830000000002,0.06183901,1.524939,2.594164,3.376718,0.01782507,5.342630000000001,2.2610370000000004e-05,0.0,2.5806078503237355
9.65657,0.15893110000000002,0.1604253,0.120423,-1.971611,1.961075,5.025580000000001,0.06335829,4.716819,2.281936e-05,9.0,2.644299348049645
9.65657,0.2954948,0.15525870000000003,0.052090199999999996,-2.161047,1.972543,0.39285749999999997,0.1606233,0.7831819999999999,2.90167e-05,14.0,3.2994652544206264
9.65657,0.5524331,0.06268306,0.02310762,1.021981,0.48139840000000006,5.424425,0.41057520000000003,3.837683,4.9048789999999996e-05,18.0,4.252117732257814
9.65657,1.326597,0.24684029999999998,0.04571204,0.9548533000000001,2.287762,0.5918553000000001,1.527843,3.450717,1.412039e-05,21.0,2.102608337839486
9.73737,0.06864471,0.1780763,0.004145643,0.44460559999999993,5.006536,1.414189,0.01798477,2.487778,2.592803e-05,0.0,2.759056153059176
9.73737,0.187133,0.0757975,0.1958893,1.7803669999999998,1.406708,0.15551379999999998,0.08094932,3.236415,3.153591e-05,10.0,3.1717612273862645
9.73737,0.43423420000000007,0.08830126,0.05322993,-1.619129,5.907801999999999,6.056887000000001,0.2861292,1.936912,5.221731e-05,16.0,4.4263480467483
9.73737,1.029811,0.01136652,0.03730664,-0.9013646999999999,3.170888,3.4358730000000004,1.044977,1.187365,2.619654e-05,20.0,2.795313305304928
9.81818,0.07513161,0.16986300000000001,0.1577804,-2.301526,4.186554,4.021007,0.0205935,2.390747,1.835957e-05,0.0,2.434784277491719
9.81818,0.13312670000000001,0.05285101,0.1647398,1.345952,1.659943,4.228816,0.0485726,1.324403,1.205174e-05,7.0,1.9096629983533822
9.81818,0.23721910000000002,0.11969729999999999,0.05297428,1.330426,5.049024,5.039301999999999,0.1155343,4.704044000000001,3.12505e-05,10.0,3.064468433250271
9.81818,0.3890405,0.1136494,0.07593111,2.247938,3.390139,3.059358,0.2426472,3.5964379999999996,1.689466e-05,14.0,2.1218520071701628
9.81818,0.5551415,0.03649343,0.01778854,-0.45524549999999997,1.6980979999999999,4.87371,0.4135965999999999,3.597891,2.6125370000000004e-05,18.0,2.9794918212376347
9.81818,0.8909454,0.04262269,0.05600984,-1.3158450000000002,1.287923,5.506244000000001,0.8409183000000001,5.4738050000000005,2.674967e-05,17.0,3.024217058108997
9.89899,0.07517603,0.06396332,0.04895897,0.03805968,3.9488260000000004,1.7313479999999999,0.02061176,3.933474,1.888422e-05,0.0,2.4525288268521943
9.89899,0.1315826,0.1532115,0.08193044,-0.4791747,3.5335980000000005,4.345319,0.04773003,1.596929,7.91625e-06,7.0,1.4416373987027797
9.89899,0.19255350000000002,0.0496346,0.04137517,-3.137716,2.590314,0.49289220000000006,0.08449246,1.128575,1.58647e-05,9.0,2.1393182556404575
9.89899,0.30970949999999997,0.08401086,0.01731585,2.509382,2.94207,0.2361813,0.172352,1.222345,2.920292e-05,11.0,3.3282536145762327
9.89899,0.479267,0.03686991,0.04208864,0.8782777,6.116207,2.2453369999999997,0.3317768,1.6077860000000002,2.1280229999999995e-05,16.0,2.477287729160415
9.89899,0.7267698,0.09819548,0.01844268,-2.826168,6.174389,3.867085,0.6195396,0.6275918,2.778528e-05,18.0,2.8313063257029896
9.89899,1.037719,0.03030684,0.02371721,-1.39489,6.196725,1.384004,1.057036,2.881303,1.716404e-05,20.0,2.4044849722072827
9.9798,0.05813081,0.3232151,0.2502996,-1.780366,3.92012,3.586957,0.01401547,2.077628,8.316322e-06,0.0,1.4756590621210028
9.9798,0.11602939999999999,0.06446039,0.07452551,0.8701788,1.404142,5.2567330000000005,0.03952244,3.0013360000000002,3.035183e-05,4.0,3.201210445047182
9.9798,0.25932649999999996,0.007446176,0.05196299,-2.711577,4.96724,3.5346949999999997,0.1320551,1.293332,3.150264e-05,10.0,3.1814691837198
9.9798,0.4233809,0.1625454,0.1065203,0.4794523,3.685525,4.200354,0.2754717,0.04976637,2.16033e-05,17.0,2.5139718495599404
9.9798,0.8646806999999999,0.14811459999999999,0.02814235,-2.689921,2.033109,2.719716,0.8039978,3.318174,4.0797690000000003e-05,18.0,3.915266963099357
